Sampling Date,SO2,NOX,PM10,PM2.5,O3,Pb ,CO,Station ID
06.04.2016,4.4,9.3,85.2,27.1,,,,1
09.04.2016,4.5,9.2,88.6,33.5,,,,1
13.04.2016,4.4,9.2,84.1,25.9,,,,1
16.04.2016,4.2,8.8,77.2,23.3,,,,1
20.04.2016,4.2,8.9,71.2,21.9,,,,1
23.04.2016,3.8,8.8,54.3,18.1,,,,1
27.04.2016,4.1,8.8,64.2,20.3,,,,1
30.04.2016,4.2,8.7,68.5,22.9,,,,1
04.05.2016,4.2,9.3,68.1,20.8,,,,1
07.05.2016,4.3,9.1,58.1,18.9,,,,1
11.05.2016,4.4,9.2,72,28.6,,,,1
14.05.2016,4.2,8.8,54.5,17.3,,,,1
18.05.2016,3.8,8.8,47.3,14.7,,,,1
21.05.2016,4,8.7,51,16.4,,,,1
25.05.2016,4.2,8.8,57.4,17.9,,,,1
28.05.2016,3.8,8.8,45.1,14,,,,1
01.06.2016,4.1,8.7,52.9,16.1,,,,1
04.06.2016,3,6.8,45.5,14.3,,,,1
08.06.2016,4,8.9,44.9,13.6,,,,1
11.06.2016,4.2,8.1,30,10.6,,,,1
15.06.2016,3.8,8.5,53.3,16.9,,,,1
18.06.2016,3.6,8.7,57.8,17.5,,,,1
22.06.2016,2.6,4.5,53.5,16.8,,,,1
25.06.2016,3.7,7.8,52.1,15.7,,,,1
29.06.2016,2.6,4.5,55,17.9,,,,1
06.07.2016,4.2,9.1,41.5,13.9,<0.5,<0.001,<0.01,1
09.07.2016,4.2,8.7,55.9,16.9,<0.5,<0.001,<0.01,1
13.07.2016,5.6,12.4,59.5,18.3,<0.5,<0.001,<0.01,1
16.07.2016,4.2,9.2,34.8,12.2,<0.5,<0.001,<0.01,1
20.07.2016,4.2,8.6,38.1,12.4,<0.5,<0.001,<0.01,1
23.07.2016,3.5,7.7,27.2,9,<0.5,<0.001,<0.01,1
27.07.2016,2.4,4.5,21.1,7.6,<0.5,<0.001,<0.01,1
30.07.2016,2.4,5.3,15.4,6,<0.5,<0.001,<0.01,1
03.08.2016,3.2,5.6,34.3,11.8,<0.5,<0.001,<0.01,1
06.08.2016,3.5,8,39.5,12.9,<0.5,<0.001,<0.01,1
10.08.2016,2,4.5,29,10.5,<0.5,<0.001,<0.01,1
13.08.2016,4,8.8,43.1,14.4,<0.5,<0.001,<0.01,1
17.08.2016,3.6,8.3,46.4,15.1,<0.5,<0.001,<0.01,1
20.08.2016,4,8.6,43.8,14.8,<0.5,<0.001,<0.01,1
24.08.2016,4.4,9,37.3,13.3,<0.5,<0.001,<0.01,1
27.08.2016,3.9,8.6,39.6,13.4,<0.5,<0.001,<0.01,1
31.08.2016,4.2,8.6,47.1,15.4,<0.5,<0.001,<0.01,1
03.09.2016,4.1,9,46.8,15,<0.5,<0.001,<0.01,1
07.09.2016,3.9,8.3,43.3,14.1,<0.5,<0.001,<0.01,1
10.09.2016,3.9,9.1,43.5,15.7,<0.5,<0.001,<0.01,1
14.09.2016,3.4,8.8,35.6,10.5,<0.5,<0.001,<0.01,1
17.09.2016,4.3,9.1,54,17,<0.5,<0.001,<0.01,1
21.09.2016,2.5,5.6,23.4,7.7,<0.5,<0.001,<0.01,1
24.09.2016,2,4.5,29.5,10.8,<0.5,<0.001,<0.01,1
28.09.2016,3.9,8.4,44.9,15.9,<0.5,<0.001,<0.01,1
01.10.2016,5.4,12.1,46.4,16.7,<0.5,<0.5,<0.01,1
05.10.2016,5.3,12.4,31.3,11.6,<0.5,<0.5,<0.01,1
08.10.2016,4.9,11.9,30.6,11,<0.5,<0.5,<0.01,1
13.10.2016,7.3,14.9,77.5,26.2,<0.5,<0.5,<0.01,1
15.10.2016,7.4,15.4,76.5,24.3,<0.5,<0.5,<0.01,1
19.10.2016,7.2,14.5,56.5,17.9,<0.5,<0.5,<0.01,1
22.10.2016,7.5,14.9,70.4,21.5,<0.5,<0.5,<0.01,1
26.10.2016,7.5,15.5,66.6,22.2,<0.5,<0.5,<0.01,1
29.10.2016,8,16.3,85.6,26.8,<0.5,<0.5,<0.01,1
03.11.2016,5.8,11.1,52.9,19.9,<0.5,<0.5,<0.01,1
05.11.2016,5.8,11.6,61.5,20.4,<0.5,<0.5,<0.01,1
09.11.2016,6,12.8,74.4,22.5,<0.5,<0.5,<0.01,1
12.11.2016,6.3,13.3,83,26.7,<0.5,<0.5,<0.01,1
16.11.2016,6.1,12.5,71.2,27.5,<0.5,<0.5,<0.01,1
19.11.2016,8.9,18.1,97.8,27.6,<0.5,<0.5,<0.01,1
23.11.2016,5.6,11.2,67.5,22,<0.5,<0.5,<0.01,1
26.11.2016,8.2,16.9,96.9,33.3,<0.5,<0.5,<0.01,1
30.11.2016,9.1,18.6,90,28.9,<0.5,<0.5,<0.01,1
03.12.2016,7.2,15.5,59,18,<0.5,<0.5,<0.01,1
07.12.2016,9.3,17.2,108.8,32.8,<0.5,<0.5,<0.01,1
09.12.2016,8.5,15.3,92,29.4,<0.5,<0.5,<0.01,1
14.12.2017,9,20.8,80.8,25.9,<0.5,<0.5,<0.01,1
16.12.2016,6.9,15.9,55.2,17.2,<0.5,<0.5,<0.01,1
21.12.2016,8.9,16.7,98.4,33.1,<0.5,<0.5,<0.01,1
23.12.2016,8.4,16.1,92.6,28.8,<0.5,<0.5,<0.01,1
28.12.2016,8.9,16.3,68.6,17.2,<0.5,<0.5,<0.01,1
30.12.2016,8.1,16.6,89.6,30.1,<0.5,<0.5,<0.01,1
04.01.2017,10.9,17.5,86.9,27.8,6,<0.5,<0.01,1
06.01.2017,11.1,19.7,70.8,24.7,<0.5,<0.5,<0.01,1
11.01.2017,11.5,18.5,98,30.7,<0.5,<0.5,<0.01,1
13.01.2017,11.6,17.7,74.8,23.8,6,<0.5,<0.01,1
18.01.2017,11,19.5,70.8,23,<0.5,<0.5,<0.01,1
20.01.2017,10.6,16.3,97.1,31,7.25,<0.5,<0.01,1
25.01.2017,10.3,17.4,69.9,151.4,<0.5,<0.5,<0.01,1
28.01.2017,12.5,19.1,79.2,25.9,<0.5,<0.5,<0.01,1
31.01.2017,10.7,19.4,84.6,27,<0.5,<0.5,<0.01,1
02.02.2017,9.1,17.5,65.4,19.8,3.6,<0.5,<0.01,1
05.02.2017,11.3,21.6,66.3,20.8,<0.5,<0.5,<0.01,1
08.02.2017,10.7,19.4,47.1,14.9,<0.5,<0.5,<0.01,1
11.02.2017,8.1,15.5,45.4,14.9,3.1,<0.5,<0.01,1
15.02.2017,8.1,18.1,46.7,14,<0.5,<0.5,<0.01,1
17.02.2017,9.5,19.3,51.5,15.8,2.7,<0.5,<0.01,1
21.02.2017,8.3,16.9,34.6,11.7,<0.5,<0.5,<0.01,1
23.02.2017,8.6,18.8,45.6,15,2.9,<0.5,<0.01,1
06.04.2016,4.4,9,9,81.1,,,,2
09.04.2016,4.5,9.4,9.4,82.5,,,,2
13.04.2016,4.7,9.5,9.5,83.6,,,,2
16.04.2016,4.1,8.8,8.8,69.6,,,,2
20.04.2016,4.3,9.1,9.1,77.5,,,,2
23.04.2016,4.4,8.8,8.8,73.5,,,,2
27.04.2016,4.5,9.5,9.5,83.2,,,,2
30.04.2016,4.4,9.3,9.3,79.5,,,,2
04.05.2016,4.2,8.8,75.4,27.5,,,,2
07.05.2016,4.5,9.4,77.8,26.2,,,,2
11.05.2016,4.5,9.5,80.9,31.3,,,,2
14.05.2016,4.4,9,78,25.6,,,,2
18.05.2016,4.2,9.3,77.6,27.6,,,,2
21.05.2016,4.4,9.5,82.3,32.4,,,,2
25.05.2016,4.1,9.1,70.3,23.2,,,,2
28.05.2016,4.1,8.8,64.7,19.8,,,,2
01.06.2016,4.5,8.7,61.9,20.7,,,,2
04.06.2016,4.2,8.5,38.3,12.5,,,,2
08.06.2016,3.2,7.2,46.9,14.5,,,,2
11.06.2016,3.5,7.7,41.3,13.7,,,,2
15.06.2016,3.6,8.6,50.4,15.4,,,,2
18.06.2016,3.5,8,48.1,14.6,,,,2
22.06.2016,3.3,4.5,56.2,17,,,,2
25.06.2016,3.6,7.2,65.8,19.8,,,,2
29.06.2016,2.6,5.9,63,19.1,,,,2
06.07.2016,3,6.5,23.6,9.3,<0.5,<0.001,<0.01,2
09.07.2016,2.6,5.6,28.5,10.8,<0.5,<0.001,<0.01,2
13.07.2016,4.8,10.1,73.9,22.8,<0.5,<0.001,<0.01,2
16.07.2016,4,9.1,55.6,19,<0.5,<0.001,<0.01,2
20.07.2016,3.7,7.9,47.6,16.6,<0.5,<0.001,<0.01,2
23.07.2016,3.9,9.4,66.7,21.2,<0.5,<0.001,<0.01,2
27.07.2016,4.1,9.6,59.1,19.6,<0.5,<0.001,<0.01,2
30.07.2016,3.8,9.5,49.9,17.9,<0.5,<0.001,<0.01,2
03.08.2016,2.4,6.2,31.3,10.8,<0.5,<0.001,<0.01,2
06.08.2016,3.8,9,47.7,11.5,<0.5,<0.001,<0.01,2
10.08.2016,4,8.4,34.9,11.9,<0.5,<0.001,<0.01,2
13.08.2016,2,6.1,34,12,<0.5,<0.001,<0.01,2
17.08.2016,3.7,8.5,40.6,14.5,<0.5,<0.001,<0.01,2
20.08.2016,3.9,8.7,52.4,16.5,<0.5,<0.001,<0.01,2
24.08.2016,4,8.7,44.7,15.1,<0.5,<0.001,<0.01,2
27.08.2016,4.1,8.7,53,18.1,<0.5,<0.001,<0.01,2
31.08.2016,4.2,9.1,46.5,15.1,<0.5,<0.001,<0.01,2
03.09.2016,3.4,9.3,62.6,20,<0.5,<0.001,<0.01,2
07.09.2016,3.9,9.5,66.6,22.7,<0.5,<0.001,<0.01,2
10.09.2016,5,10.6,86.3,27.7,<0.5,<0.001,<0.01,2
14.09.2016,3.9,9.8,62.8,20.4,<0.5,<0.001,<0.01,2
17.09.2016,3.8,8.8,51.7,18.4,<0.5,<0.001,<0.01,2
21.09.2016,3.6,8.5,32.7,12.4,<0.5,<0.001,<0.01,2
24.09.2016,3.1,7.3,29.1,10.4,<0.5,<0.001,<0.01,2
28.09.2016,3.9,9.6,45,15.1,<0.5,<0.001,<0.01,2
04.10.2016,4.1,9.6,20.9,8.3,<0.5,<0.5,<0.01,2
07.10.2016,5.2,11.5,34.1,11,<0.5,<0.5,<0.01,2
12.10.2016,6.3,14.3,55.1,18,<0.5,<0.5,<0.01,2
14.10.2016,7.5,16,70.8,22.3,<0.5,<0.5,<0.01,2
18.10.2016,7,14.8,79.8,25.6,<0.5,<0.5,<0.01,2
21.10.2016,6.7,14.7,63.7,19.5,<0.5,<0.5,<0.01,2
25.10.2016,8.5,19.3,101.9,31.9,<0.5,<0.5,<0.01,2
28.10.2016,9,18.7,122.8,40.6,<0.5,<0.5,<0.01,2
03.11.2016,5.6,11.7,88.7,36.1,<0.5,<0.5,<0.01,2
05.11.2016,6.7,14.5,84.8,30.4,<0.5,<0.5,<0.01,2
09.11.2016,7.7,15.9,115.4,42.6,<0.5,<0.5,<0.01,2
12.11.2016,8.3,18.7,121.5,43.1,<0.5,<0.5,<0.01,2
16.11.2016,5.3,12,58.4,20.9,<0.5,<0.5,<0.01,2
19.11.2016,7.9,18.2,121.2,39.3,<0.5,<0.5,<0.01,2
23.11.2016,7.8,15.3,100.2,37.2,<0.5,<0.5,<0.01,2
26.11.2016,8.2,16.9,116.9,39.8,<0.5,<0.5,<0.01,2
30.11.2016,7.4,15.6,106.9,36.3,,,,2
03.12.2016,8.1,16.8,71.7,23.1,<0.5,<0.5,<0.01,2
07.12.2016,9.4,18.2,108.8,37.4,<0.5,<0.5,<0.01,2
10.12.2016,8.6,17,125.2,39.6,<0.5,<0.5,<0.01,2
14.12.2016,8.3,15.4,93.1,29.2,<0.5,<0.5,<0.01,2
17.12.2016,8.9,19.1,90.4,28.7,<0.5,<0.5,<0.01,2
21.12.2016,8.7,17.1,101.5,32,<0.5,<0.5,<0.01,2
24.12.2016,9,18,99.7,31,<0.5,<0.5,<0.01,2
28.12.2016,9.6,16.8,110.5,35.4,<0.5,<0.5,<0.01,2
31.12.2016,9.9,17.3,112.9,34.3,<0.5,<0.5,<0.01,2
04.01.2017,13.1,19,107.8,34.2,4,<0.5,<0.01,2
06.01.2017,10.7,18.4,99.1,32.5,<0.5,<0.5,<0.01,2
11.01.2017,10.3,17.5,89.1,28.8,6.5,<0.5,<0.01,2
13.01.2017,10.9,16.5,91.8,28.1,<0.5,<0.5,<0.01,2
18.01.2017,11.4,18.1,100.2,31.4,5,<0.5,<0.01,2
20.01.2017,11.8,17.2,112.6,35.5,5.3,<0.5,<0.01,2
25.01.2017,11.2,18.8,120.7,37.4,<0.5,<0.5,<0.01,2
27.01.2017,11.7,16.9,107,33.9,<0.5,<0.5,<0.01,2
31.01.2017,10.5,17.7,123.6,38.7,<0.5,<0.5,<0.01,2
02.02.2017,6.9,17.2,95.1,30.1,<0.5,<0.5,<0.01,2
05.02.2017,6.5,15.1,94.8,27.3,2.4,<0.5,<0.01,2
08.02.2017,7.3,14.4,70.8,23.3,1.3,<0.5,<0.01,2
10.02.2017,11.5,18.2,96.8,31.5,<0.5,<0.5,<0.01,2
16.02.2017,6.2,13.4,113.2,35.9,3.2,<0.5,<0.01,2
18.02.2017,7.3,15.1,112.9,35.9,2.5,<0.5,<0.01,2
21.02.2017,6.3,14.6,75.2,23.4,<0.5,<0.5,<0.01,2
23.02.2017,7.9,16.9,87.8,28.6,<0.5,<0.5,<0.01,2
05.04.2016,4.4,9.1,73.9,26.6,,,,3
07.04.2016,4.3,8.7,72.3,24.8,,,,3
12.04.2016,4.9,9.6,76.2,23.1,,,,3
15.04.2016,4.7,9.3,79.2,24.3,,,,3
19.04.2016,4.9,9.8,81.1,25.1,,,,3
22.04.2016,3.8,9.1,69.1,26.3,,,,3
26.04.2016,4.6,9.5,70,27.5,,,,3
29.04.2016,3.8,8.6,67.1,22.3,,,,3
03.05.2016,4.8,9.6,81.5,32.1,,,,3
06.05.2016,4.7,9.5,71.7,22.7,,,,3
10.05.2016,4.3,8.6,63.4,19.7,,,,3
13.05.2016,3.8,9.1,55.8,17.8,,,,3
17.05.2016,4.7,9.3,77.4,27.4,,,,3
20.05.2016,4.9,9.8,80.9,29.7,,,,3
24.05.2016,4.4,9.1,63.7,20.8,,,,3
27.05.2016,3.8,8.7,62.9,19.4,,,,3
02.06.2016,4.4,8.9,53.7,19.1,,,,3
04.06.2016,4,8.5,51,17.9,,,,3
07.06.2016,4.1,8.9,49.8,18.8,,,,3
10.06.2016,3.9,7.4,33.1,15.6,,,,3
14.06.2016,4.2,9,55.9,20.8,,,,3
17.06.2016,3.7,8.9,48.5,15.8,,,,3
21.06.2016,2,4.5,46.4,22.4,,,,3
24.06.2016,3.5,8.5,52.3,23,,,,3
28.06.2016,2,4.5,63.4,34.4,,,,3
05.07.2016,3.7,8.4,42.5,14.4,<0.5,<0.001,<0.01,3
08.07.2016,4.3,8.7,44.9,16.8,<0.5,<0.001,<0.01,3
12.07.2016,4.5,9.3,64.1,20.3,<0.5,<0.001,<0.01,3
15.07.2016,4.2,10.3,65.6,20.5,<0.5,<0.001,<0.01,3
19.07.2016,2.7,6.5,34,11.6,<0.5,<0.001,<0.01,3
22.07.2016,2,6.4,28.4,9.7,<0.5,<0.001,<0.01,3
26.07.2016,4.2,8.5,46.4,14.7,<0.5,<0.001,<0.01,3
29.07.2016,4,8.9,44.8,15.8,<0.5,<0.001,<0.01,3
02.08.2016,3.7,8.6,36.5,11.8,<0.5,<0.001,<0.01,3
05.08.2016,3.7,8.8,36.1,11.9,<0.5,<0.001,<0.01,3
09.08.2016,3.5,7.9,45,13.8,<0.5,<0.001,<0.01,3
12.08.2016,4,8.9,45.7,13.9,<0.5,<0.001,<0.01,3
16.08.2016,4.4,9.4,61,19,<0.5,<0.001,<0.01,3
19.08.2016,4,8.7,56.1,17.9,<0.5,<0.001,<0.01,3
23.08.2016,2,4.5,21.5,8.2,<0.5,<0.001,<0.01,3
26.08.2016,4,9,53.1,17.6,<0.5,<0.001,<0.01,3
30.08.2016,3.1,7.3,28.2,9,<0.5,<0.001,<0.01,3
02.09.2016,3.1,7.5,24.3,9.7,<0.5,<0.001,<0.01,3
08.09.2016,2,4.5,20.4,8.3,<0.5,<0.001,<0.01,3
11.09.2016,3.1,7.6,22.4,9.2,<0.5,<0.001,<0.01,3
13.09.2016,3.4,8.5,34,11.1,<0.5,<0.001,<0.01,3
16.09.2016,3,8,31.1,10.9,<0.5,<0.001,<0.01,3
20.09.2016,3.5,8.6,38.1,13.7,<0.5,<0.001,<0.01,3
23.09.2016,2,4.5,17.6,6.8,<0.5,<0.001,<0.01,3
27.09.2016,3,7.7,23.9,7.9,<0.5,<0.001,<0.01,3
30.09.2016,3.1,7.5,27.8,10.5,<0.5,<0.001,<0.01,3
04.10.2016,4.2,9.7,18.4,7.7,<0.5,<0.5,<0.01,3
07.10.2016,4.3,9.4,20.8,10,<0.5,<0.5,<0.01,3
12.10.2016,5.3,12,41.7,15.3,<0.5,<0.5,<0.01,3
14.10.2016,6.1,13.3,64.4,19.8,<0.5,<0.5,<0.01,3
18.10.2016,7.1,16.4,76.9,25.6,<0.5,<0.5,<0.01,3
21.10.2016,8.7,17.8,86.5,28.9,<0.5,<0.5,<0.01,3
24.10.2016,13.7,16.6,129.8,43,<0.5,<0.5,<0.01,3
30.10.2016,15,19,101.9,30.8,<0.5,<0.5,<0.01,3
03.11.2016,6,12.6,93.7,30.1,<0.5,<0.5,<0.01,3
05.11.2016,5.4,11.3,72,23.9,<0.5,<0.5,<0.01,3
08.11.2016,8.7,17.6,106.6,34.7,<0.5,<0.5,<0.01,3
11.11.2016,9.5,19.4,130.7,34.8,<0.5,<0.5,<0.01,3
15.11.2016,7.1,15.3,102.9,32.6,<0.5,<0.5,<0.01,3
18.11.2016,8.7,18.1,144,39.7,<0.5,<0.5,<0.01,3
22.11.2016,7.3,14.9,105.7,28.5,<0.5,<0.5,<0.01,3
25.11.2016,6.1,13.1,104.1,28.2,<0.5,<0.5,<0.01,3
29.11.2016,5.8,12.8,98.6,33.6,<0.5,<0.5,<0.01,3
02.12.2016,8.5,17.6,85.2,26.4,<0.5,<0.5,<0.01,3
06.12.2016,8.6,18.4,105.5,34.2,<0.5,<0.5,<0.01,3
08.12.2016,8.7,18.3,120.2,37.6,<0.5,<0.5,<0.01,3
13.12.2016,8.8,17,90.9,30.2,<0.5,<0.5,<0.01,3
15.12.2016,9.8,16.3,61.4,22.3,<0.5,<0.5,<0.01,3
20.12.2016,9.6,17.3,86.2,32.4,<0.5,<0.5,<0.01,3
22.12.2016,9.4,17.9,91.9,31.8,<0.5,<0.5,<0.01,3
27.12.2016,8.9,17.4,90.9,28.3,<0.5,<0.5,<0.01,3
29.12.2016,9.2,18.4,87.1,32.2,<0.5,<0.5,<0.01,3
03.01.2017,12.8,18,115.4,43.4,<0.5,<0.5,<0.01,3
05.01.2017,10.4,18.4,95.5,46.2,6.3,<0.5,<0.01,3
10.01.2016,13.3,20.4,70.4,23.6,<0.5,<0.5,<0.01,3
12.01.2016,12.2,17,89.1,29,<0.5,<0.5,<0.01,3
17.01.2016,10.9,17.4,107.5,34.4,7,<0.5,<0.01,3
19.01.2016,11,18.2,96.5,31.2,<0.5,<0.5,<0.01,3
24.01.2017,11.3,17.8,114.3,37.4,<0.5,<0.5,<0.01,3
27.01.2017,11.8,19.1,112.1,35.6,<0.5,<0.5,<0.01,3
31.01.2017,11.1,16.8,108,34.8,5.7,<0.5,<0.01,3
03.02.2017,7.8,16.1,85.9,27.5,2.9,<0.5,<0.01,3
05.02.2017,8.6,18.3,83.4,28.9,<0.5,<0.5,<0.01,3
07.02.2017,10,20.5,56.5,18.6,<0.5,<0.5,<0.01,3
09.02.2017,8,14.7,68.4,23.3,3.3,<0.5,<0.01,3
14.02.2017,9.9,15,66.8,23.2,<0.5,<0.5,<0.01,3
16.02.2017,12.4,20.6,87.5,29.1,2.7,<0.5,<0.01,3
21.02.2017,9,16.2,49.3,15.9,3,<0.5,<0.01,3
23.02.2017,9.7,18.6,74.8,23.9,3.2,<0.5,<0.01,3
05.04.2016,4.3,8.8,62.6,22.8,,,,4
07.04.2016,4.4,9.3,63.9,24.6,,,,4
12.04.2016,4.5,9.3,73.4,26.4,,,,4
15.04.2016,4.3,9.2,60.9,20.6,,,,4
19.04.2016,3.8,8.7,57.3,17.7,,,,4
22.04.2016,3.8,8.6,58.4,18.3,,,,4
26.04.2016,4.1,9.1,59.3,21.9,,,,4
29.04.2016,4.3,9.2,59.8,19.2,,,,4
03.05.2016,4.3,8.8,60.7,19.1,,,,4
06.05.2016,4.4,9.2,65.1,22.9,,,,4
10.05.2016,4.5,9.3,85.6,26.5,,,,4
13.05.2016,4.4,9.3,77.4,23.5,,,,4
17.05.2016,3.8,8.7,33.9,10.8,,,,4
20.05.2016,4.3,8.5,47.2,14.5,,,,4
24.05.2016,4.1,9.1,34.4,10.4,,,,4
27.05.2016,3.9,8.6,30.2,11.2,,,,4
02.06.2016,3.4,8.6,45.4,16.2,,,,4
04.06.2016,4.4,9.3,40,12.6,,,,4
07.06.2016,4.1,9.5,47.1,15,,,,4
10.06.2016,3.2,7.8,44.2,13.6,,,,4
14.06.2016,4.2,9.3,60.2,23.4,,,,4
17.06.2016,4.3,7.9,66.3,25.7,,,,4
21.06.2016,2,4.5,51,16.9,,,,4
24.06.2016,4,7.6,60.9,20.9,,,,4
28.06.2016,3,6,47.2,15.8,,,,4
05.07.2016,2.9,6.4,23.9,9.4,<0.5,<0.001,<0.01,4
08.07.2016,4.2,8.2,54.4,19.4,<0.5,<0.001,<0.01,4
12.07.2016,5,9.6,61.2,17.2,<0.5,<0.001,<0.01,4
15.07.2016,3.6,7.6,42.8,14.2,<0.5,<0.001,<0.01,4
19.07.2016,4,9.3,48.6,17.4,<0.5,<0.001,<0.01,4
22.07.2016,4.2,9.9,57.2,19,<0.5,<0.001,<0.01,4
26.07.2016,4.3,8.8,68.3,21.4,<0.5,<0.001,<0.01,4
29.07.2016,3.1,6.5,54.1,17.8,<0.5,<0.001,<0.01,4
03.08.2016,3.5,8.6,54.3,17,<0.5,<0.001,<0.01,4
06.08.2016,4,8.9,63.1,20.4,<0.5,<0.001,<0.01,4
10.08.2016,2.5,6.6,35.3,11.3,<0.5,<0.001,<0.01,4
13.08.2016,2,5.3,31,10.7,<0.5,<0.001,<0.01,4
17.08.2016,3.9,8.8,50.5,16.4,<0.5,<0.001,<0.01,4
20.08.2016,4,9.2,51.4,15.7,<0.5,<0.001,<0.01,4
24.08.2016,3.6,9.4,51,18.9,<0.5,<0.001,<0.01,4
27.08.2016,3.8,9.3,49.4,16.6,<0.5,<0.001,<0.01,4
31.08.2016,3.9,9.5,59.8,19,<0.5,<0.001,<0.01,4
02.09.2016,4.4,9.3,64.3,21.2,<0.5,<0.001,<0.01,4
08.09.2016,3.6,9.3,40.7,12.6,<0.5,<0.001,<0.01,4
11.09.2016,3.9,8.8,63,21,<0.5,<0.001,<0.01,4
13.09.2016,3.9,8.8,45.9,15.4,<0.5,<0.001,<0.01,4
16.09.2016,2.9,6.8,34.7,12.9,<0.5,<0.001,<0.01,4
20.09.2016,2,6.4,29.4,11,<0.5,<0.001,<0.01,4
23.09.2016,2.4,7.6,29.7,10.1,<0.5,<0.001,<0.01,4
27.09.2016,3.6,8.2,58.9,19.3,<0.5,<0.001,<0.01,4
30.09.2016,3.6,8.3,59.7,19.1,<0.5,<0.001,<0.01,4
04.10.2016,4.7,9.9,40.4,14.6,<0.5,<0.5,<0.01,4
07.10.2016,5,11.5,45.1,14.2,<0.5,<0.5,<0.01,4
10.10.2016,3.3,8.7,20.9,7.3,<0.5,<0.5,<0.01,4
12.10.2016,6.1,13.1,56,17.9,<0.5,<0.5,<0.01,4
18.10.2016,8.3,17.3,87,25.3,<0.5,<0.5,<0.01,4
21.10.2016,7.2,15.5,81.8,25.5,<0.5,<0.5,<0.01,4
24.10.2016,13.6,16.3,110.7,36.9,<0.5,<0.5,<0.01,4
30.10.2016,14.3,18.9,125,39.9,<0.5,<0.5,<0.01,4
03.11.2016,6.4,13,97.3,32.8,<0.5,<0.5,<0.01,4
05.11.2016,5.6,11.5,82.9,25.4,<0.5,<0.5,<0.01,4
08.11.2016,9.2,18.6,139.1,40.1,<0.5,<0.5,<0.01,4
11.11.2016,8.4,17.4,135.3,36.8,<0.5,<0.5,<0.01,4
15.11.2016,7,14.5,98.7,30.5,<0.5,<0.5,<0.01,4
18.11.2016,8.2,14.1,134.6,41.9,<0.5,<0.5,<0.01,4
22.11.2016,6.3,13.4,114.1,33.3,<0.5,<0.5,<0.01,4
25.11.2016,8.7,17.7,130.1,39.7,<0.5,<0.5,<0.01,4
29.11.2016,7.9,15.9,115.1,36.1,<0.5,<0.5,<0.01,4
02.12.2016,9.8,15.5,96.4,31.8,<0.5,<0.5,<0.01,4
06.12.2016,9.1,17.9,115.4,35.4,<0.5,<0.5,<0.01,4
08.12.2016,9.7,19.7,124.1,37.4,<0.5,<0.5,<0.01,4
13.12.2016,8.5,18.4,99.5,31.9,<0.5,<0.5,<0.01,4
15.12.2016$,8.1,16.4,109.4,33,<0.5,<0.5,<0.01,4
20.12.2016,8.9,19,129.4,40.7,<0.5,<0.5,<0.01,4
22.12.2016,9.8,17,121.3,38.3,<0.5,<0.5,<0.01,4
27.12.2016,8,16.9,120.3,38.2,<0.5,<0.5,<0.01,4
29.12.2016,9.2,17.6,108.1,33.7,<0.5,<0.5,<0.01,4
03.01.2017,10.5,17.5,111.1,34.3,<0.5,<0.5,<0.01,4
05.01.2017,10.8,18.8,120.9,38.5,<0.5,<0.5,<0.01,4
10.01.2017,11.3,18.4,88.1,28,5.5,<0.5,<0.01,4
12.01.2017,10.2,16.6,112.6,35.8,<0.5,<0.5,<0.01,4
17.01.2017,10.4,17.1,98.1,30.4,<0.5,<0.5,<0.01,4
19.01.2017,11.4,17.9,81.1,25.8,6.3,<0.5,<0.01,4
24.01.2017,11.9,18.1,113.6,35.8,<0.5,<0.5,<0.01,4
27.01.2017,11.2,18.7,116.9,38.1,7.7,<0.5,<0.01,4
31.01.2017,12.5,19.6,121.8,38.5,<0.5,<0.5,<0.01,4
02.02.2017,9.7,17.2,115.9,36.4,2.1,<0.5,<0.01,4
04.02.2017,8.3,17.3,93.3,29,<0.5,<0.5,<0.01,4
07.02.2017,8.4,17.9,100.2,31.7,3.4,<0.5,<0.01,4
09.02.2017,9.5,16.7,100,30.9,<0.5,<0.5,<0.01,4
14.02.2017,8.5,16,94.7,29.9,1.8,<0.5,<0.01,4
16.02.2017,8.8,16.6,101.2,31.8,1.7,<0.5,<0.01,4
21.02.2017,9.8,17,95.3,31.2,<0.5,<0.5,<0.01,4
23.02.2017,8.6,16.7,112.6,36.2,2.3,<0.5,<0.01,4
05.04.2016,4.5,9.2,65.7,23.4,,,,5
07.04.2016,4.2,9,56.7,20,,,,5
12.04.2016,4.2,9.1,55.2,17.9,,,,5
15.04.2016,4.3,9.1,53.3,16.6,,,,5
19.04.2016,3.8,9.1,46.1,13.9,,,,5
22.04.2016,3.9,8.7,43.6,13.6,,,,5
26.04.2016,4.1,8.7,51.5,15.7,,,,5
29.04.2016,4.2,9.3,57,20.5,,,,5
03.05.2016,6.6,10.8,67.8,24.8,,,,5
06.05.2016,6.7,12.8,60.7,26.8,,,,5
09.05.2016,7.4,11.8,57.1,21.6,,,,5
13.05.2016,8.2,11.1,68.9,24.1,,,,5
17.05.2016,7.5,11.2,52.4,26.3,,,,5
20.05.2016,7.6,11.7,52.6,17.5,,,,5
24.05.2016,7.1,11.1,53.5,20.9,,,,5
27.05.2016,8.4,11.9,42.2,21.8,,,,5
30.05.2016,8.5,11,48,22.3,,,,5
03.06.2016,6.3,9.5,31.4,14.6,,,,5
07.06.2016,6.4,11.8,32.9,16,,,,5
10.06.2016,6.4,11.4,25.2,13.8,,,,5
14.06.2016,5.9,9.6,32.1,14.8,,,,5
17.06.2016,8.2,11.4,33.5,18.3,,,,5
21.06.2016,5.6,10.5,36.6,19.4,,,,5
24.06.2016,6.8,13.5,31.5,16,,,,5
28.06.2016,5.9,12,33.7,16.5,,,,5
01.07.2016,5.7,11.1,27.7,11.5,<0.5,<0.001,<0.01,5
05.07.2016,5.1,12.3,26.5,13.3,<0.5,<0.001,<0.01,5
08.07.2016,5.6,12.1,30.3,14.6,<0.5,<0.001,<0.01,5
12.07.2016,6.7,11.4,24.7,11.7,<0.5,<0.001,<0.01,5
15.07.2016,6.9,10.4,25.7,14,<0.5,<0.001,<0.01,5
19.07.2016,6.9,11.8,25.9,13.3,<0.5,<0.001,<0.01,5
22.07.2016,7.2,10.6,26.6,14.6,<0.5,<0.001,<0.01,5
26.07.2016,7.1,10.9,24.9,11.6,<0.5,<0.001,<0.01,5
29.07.2016,6.5,11.2,26.7,11.7,<0.5,<0.001,<0.01,5
02.08.2016,8,14,24,21.6,BDL,0.3,0.19,5
05.08.2016,8.9,14.8,18.4,19,BDL,0.3,0.15,5
09.08.2016,8.8,14.8,22.6,20.7,BDL,0.3,0.17,5
12.08.2016,9,15,17.5,18.7,BDL,0.2,0.18,5
16.08.2016,8.9,13.8,16.4,17.6,BDL,0.2,0.15,5
19.08.2016,9,14,16.2,19,BDL,0.3,0.12,5
23.08.2016,7.2,13.5,22.5,22.5,BDL,0.3,0.15,5
26.08.2016,6.8,12.3,18.6,21.1,BDL,0.3,0.17,5
30.08.2016,7.5,12.6,18.7,19.2,BDL,0.3,0.15,5
02.09.2016,7.7,12.9,29.7,20,,,,5
06.09.2016,9.9,13.4,34.5,21.2,,,,5
09.09.2016,10,13.2,32.6,21.2,,,,5
13.09.2016,9.5,13.4,32.2,20,,,,5
16.09.2016,9,14.7,29.7,19.2,,,,5
20.09.2016,7.3,15.2,35.6,20.8,,,,5
23.09.2016,7.2,15.4,36,22.5,,,,5
27.09.2016,8,13.6,33,24,,,,5
30.09.2016,7.9,13.8,32.4,20.7,,,,5
04.10.2016,6.9,11.8,34,17.5,0.28,0.2,BDL,5
07.10.2016,7.2,12.5,38.4,20.8,0.17,0.2,BDL,5
11.10.2016,7.3,14,36.6,19.2,0.34,0.3,BDL,5
14.10.2016,6.9,14.2,38.9,19.7,0.51,0.1,BDL,5
18.10.2016,7,13.1,39.7,19.7,0.45,BDL,BDL,5
21.10.2016,6.7,11.9,39.4,17.9,0.23,0.1,BDL,5
25.10.2016,5.7,11.6,38.9,19.2,0.39,0.1,BDL,5
28.10.2016,5.8,11,42,21.9,0.34,BDL,BDL,5
01.11.2016,5.7,12.1,43.3,20,0.9,0.4,0.3,5
04.11.2016,5.6,11.9,41.8,20,0.39,0.3,0.34,5
08.11.2016,6.4,11,47.5,23.3,0.73,0.3,0.31,5
11.11.2016,6.1,11,51.4,27.5,0.23,0.4,0.35,5
15.11.2016,7.7,11.7,43.8,23.3,0.51,0.2,0.29,5
18.11.2016,6.3,10.4,44.2,25.4,0.34,0.3,0.34,5
22.11.2016,6.8,12.2,45,25.8,0.62,0.3,0.33,5
25.11.2016,7,11.4,51.4,27.1,0.39,0.3,0.27,5
29.11.2016,7.9,12.6,44.7,23.3,0.62,0.3,0.32,5
02.12.2016,5,12.1,55,27.1,0.39,0.3,0.27,5
06.12.2016,6.3,12.8,53.8,25.4,0.51,0.3,0.28,5
09.12.2016,5.2,12.2,55.9,27,0.68,0.3,0.25,5
13.12.2016,6.6,12.5,56.1,27.9,0.39,0.2,0.29,5
16.12.2016,5.3,12.8,60.7,30.4,0.45,0.2,0.29,5
20.12.2016,6.1,12.1,50.7,27.5,0.39,0.3,0.32,5
23.12.2016,5.5,12.1,55.3,28.3,0.68,0.3,0.32,5
27.12.2016,6,12.6,52.4,28.3,34,0.3,0.27,5
30.12.2016,6.1,11.3,61,30.5,0.79,0.3,0.31,5
03.01.2017,5.1,11.8,68.7,31.7,0.85,0.3,0.29,5
06.01.2017,5.5,13.1,69.2,32.1,0.73,0.5,0.32,5
10.01.2017,6.2,12.3,62.6,30.4,0.79,0.3,0.36,5
14.01.2017,6.5,11,54.4,30,0.96,0.3,0.32,5
17.01.2017,6.9,12.5,63.5,31.2,0.73,0.3,0.34,5
20.01.2017,5.7,13.2,60.3,29.1,0.68,0.4,0.36,5
24.01.2017,6.6,11.6,62.4,28.3,0.85,0.4,0.36,5
27.01.2017,5.4,12.9,66.9,33.3,0.96,0.3,0.37,5
31.01.2017,6.2,12.5,72.2,31.2,0.01,0.3,0.36,5
03.02.2017,5.5,12.3,66.9,29.2,1.64,0.3,0.43,5
07.02.2017,5.5,11.7,67.7,27.1,0.96,0.2,0.4,5
10.02.2017,7.2,12.5,63.5,31.2,1.64,0.4,0.41,5
14.02.2017,6.2,11,69.9,31.2,1.47,BDL,0.43,5
17.02.2017,6.1,12.3,69.4,33.3,1.52,0.2,0.38,5
21.02.2017,6.2,12.5,65.7,30.8,1.75,0.2,0.44,5
24.02.2017,6.7,10.6,63.9,32.5,1.69,0.2,0.36,5
28.02.2017,6,10.9,70.1,29.6,1.64,0.2,0.4,5
05.04.2016,4.6,9.2,70.3,25.6,,,,6
07.04.2016,4.2,9,58.2,19.1,,,,6
12.04.2016,4.3,9.3,60.2,20,,,,6
15.04.2016,4.3,9,58.7,21.9,,,,6
19.04.2016,4,8.7,53,18.3,,,,6
22.04.2016,4.5,9.3,67.2,23.7,,,,6
26.04.2016,4,8.7,54,18.2,,,,6
29.04.2016,4.2,8.8,57.2,19.9,,,,6
13.05.2016,10,10.6,46,23.3,BDL,BDL,0.72,6
16.05.2016,9.9,11.2,59.1,32.9,BDL,BDL,0.72,6
20.05.2016,12.6,10.5,63.9,32.5,BDL,BDL,<0.5,6
23.05.2016,8.2,11.7,52.8,22.5,BDL,BDL,0.6,6
26.05.2016,8.3,12.6,48.5,24.5,BDL,BDL,<0.5,6
30.05.2016,8.9,11.1,42.2,20.9,BDL,BDL,<0.5,6
02.06.2016,5.9,8.6,27.4,16.5,BDL,<0.1,,6
06.06.2016,7.4,8,30.8,16,BDL,<0.1,,6
09.06.2016,5.9,9.3,28.7,15.3,BDL,<0.1,,6
13.06.2016,7.2,11.6,25.8,15.8,BDL,<0.1,,6
16.06.2016,6.9,10.9,24.9,15.3,BDL,<0.1,,6
20.06.2016,6.3,9.8,25.7,13.6,BDL,<0.1,,6
23.06.2016,6.2,9,31,16,BDL,<0.1,,6
27.06.2016,-,-,-,-,BDL,-,,6
30.06.2016,6.9,9.5,26.8,14.9,BDL,<0.1,,6
04.07.2016,6.9,11.4,31.5,14.2,BDL,0.1,0.72,6
07.07.2016,5.9,10.6,30.8,14,BDL,0.1,0.72,6
11.07.2016,6.7,11.8,28.7,14.2,BDL,0.1,<0.5,6
14.07.2016,5.6,9.9,25.8,13,BDL,0.1,0.6,6
18.07.2016,7.6,10.4,24.9,13.3,BDL,0.1,<0.5,6
21.07.2016,7.4,11.6,25.7,11.3,BDL,0.1,<0.5,6
25.07.2016,7.7,10.4,31,12.5,BDL,0.1,<0.5,6
28.07.2016,6.7,11.9,23.8,14.2,BDL,0.1,<0.5,6
01.08.2016,6.5,10,19.3,17.7,BDL,0.2,0.14,6
04.08.2016,7.2,13.3,20,18.1,BDL,0.4,0.2,6
08.08.2016,5.3,11.1,18.2,20.3,BDL,0.2,0.27,6
11.08.2016,7,13.1,20,19.5,BDL,0.2,0.04,6
15.08.2016,6.8,13.1,15,17.5,BDL,0.2,0.24,6
18.08.2016,5.4,13.6,18.6,16.6,BDL,0.3,0.26,6
22.08.2016,7,11,16.2,15.4,BDL,0.2,0.1,6
25.08.2016,7.4,12.7,18.6,17.4,BDL,0.1,0.15,6
29.08.2016,9,15.5,15,18.3,BDL,0.3,0.16,6
01.09.2016,8.2,10.2,28.4,15.8,BDL,0.2,BDL,6
05.09.2016,7.4,9.6,28.5,14.6,BDL,0.3,BDL,6
08.09.2016,9.3,12.4,33.1,15.8,BDL,0.2,BDL,6
12.09.2016,9.5,11.1,34.7,13.3,BDL,0.2,BDL,6
15.09.2016,7.2,14.1,40.5,15.4,BDL,0.2,BDL,6
19.09.2016,7.5,12.4,32.9,20.3,BDL,0.1,BDL,6
22.09.2016,8.7,15.2,38.1,19.1,BDL,0.2,BDL,6
26.09.2016,7.7,11.5,33.1,16.4,BDL,0.1,BDL,6
29.09.2016,8.9,12,35.7,16.3,BDL,0.3,BDL,6
03.10.2016,8.7,12.1,37.4,21.2,0.2,0.2,BDL,6
06.10.2016,7.4,11.3,34.4,19.6,0.23,0.1,BDL,6
10.10.2016,6.1,13,36.8,21.7,0.35,0.2,BDL,6
13.10.2016,8.4,12.6,30.6,17.9,0.47,0.2,BDL,6
17.10.2016,9,13.6,37.4,17.9,0.59,0.2,BDL,6
20.10.2016,5.5,11.7,40,20,0.47,0.1,BDL,6
24.10.2016,6.6,11.5,35.1,18.7,0.35,0.2,BDL,6
27.10.2016,6.1,13,42.5,21.7,0.59,0.1,BDL,6
31.10.2016,8,11.9,45.1,22.7,0.23,0.3,BDL,6
03.11.2016,9.3,13.9,38.1,19.6,0.47,0.2,0.3,6
07.11.2016,7.7,11.7,46.6,25.7,0.82,0.3,0.37,6
10.11.2016,8.1,12.5,39.8,20.8,0.47,0.2,0.31,6
14.11.2016,6.8,11.3,51.2,30.1,0.7,0.3,0.34,6
17.10.2016,8.9,11.6,45.4,28.3,0.82,0.2,0.29,6
21.11.2016,7.6,11,44.9,23.3,0.35,0.2,0.3,6
24.11.2016,8.4,11.4,46.4,25,0.82,0.7,0.46,6
28.11.2016,9.3,11.4,47,25.8,0.35,0.2,0.38,6
01.12.2016,7.2,12.2,60.3,30.8,0.35,BDL,0.31,6
05.12.2016,7,12.8,63.2,30,0.65,0.3,0.33,6
08.12.2016,5.7,10.7,63.6,30.4,0.41,0.2,0.32,6
12.12.2016,6.6,11.6,60.7,31.6,0.59,0.2,0.34,6
15.12.2016,7.6,12.2,62.4,33.3,0.41,0.2,0.33,6
19.12.2016,5.5,13.1,62.7,30,0.7,BDL,0.34,6
22.12.2016,6.2,12.1,62.6,29.1,0.53,0.2,0.31,6
26.12.2016,6.7,11.4,57.6,27.1,0.59,0.3,0.32,6
29.12.2016,6.3,12.8,64.5,30.8,0.41,0.2,0.32,6
02.01.2017,5.7,11.9,70.8,33.7,0.53,0.1,0.34,6
05.01.2017,5.5,11.7,62.4,30.8,0.59,0.2,0.36,6
09.01.2017,5.3,12.1,71.5,31.7,0.47,0.3,0.33,6
12.01.2017,6.3,11.3,78.5,36.7,0.59,0.4,0.34,6
16.01.2017,6.5,13.3,75.5,32.9,0.76,0.2,0.35,6
19.01.2017,6.3,11.7,62.9,30.4,0.65,0.3,0.35,6
23.01.2017,6.5,13.9,63.7,28.3,0.7,0.2,0.35,6
26.01.2017,5.6,12.4,71.4,29.2,0.82,0.2,0.37,6
30.01.2017,6.6,13,72.7,28.7,0.65,0.3,0.33,6
02.02.2017,5.8,12.6,66.8,30.4,0.88,0.1,0.42,6
06.02.2017,6.1,12.2,64.8,26.7,1.35,0.1,0.43,6
09.02.2017,6.6,12.5,61.9,29.6,1,0.3,0.45,6
13.02.2017,4.9,10.8,68,31.2,1.06,0.2,0.44,6
16.02.2017,5.3,12.5,73.6,31.7,0.82,0.2,0.43,6
20.02.2017,5.9,12.6,66,29.2,1.17,0.3,0.41,6
23.02.2017,5.7,11.3,73.6,30.8,1.64,0.3,0.43,6
27.02.2017,6.3,12.2,67,27.1,1.53,0.1,0.44,6
06.04.2016,4.2,9,48.5,18.7,,,,7
09.04.2016,4.3,9.2,52.5,16,,,,7
13.04.2016,4.3,8.9,48.9,15.1,,,,7
16.04.2016,4.6,9.4,80.3,25.9,,,,7
20.04.2016,3.9,9,41.7,12.6,,,,7
23.04.2016,4,8.7,42.7,13.2,,,,7
27.04.2016,4.2,9.2,55.6,18,,,,7
30.04.2016,4.2,9.2,65.9,20.1,,,,7
04.05.2016,4.2,8.8,74.9,29.8,,,,7
07.05.2016,4.2,9,69.9,25.6,,,,7
11.05.2016,4.6,9.4,79.1,31.3,,,,7
14.05.2016,3.9,8.9,50.7,16.2,,,,7
18.05.2016,4.3,9.2,73.5,24.5,,,,7
21.05.2016,4.2,9.2,66.9,23.6,,,,7
25.05.2016,4,8.7,53.8,16.8,,,,7
28.05.2016,4.2,9.1,60.7,23.9,,,,7
01.06.2016,4.2,8.4,69.2,26,,,,7
04.06.2016,4.2,8.8,57.8,19.9,,,,7
08.06.2016,3.7,8.4,46.6,14.7,,,,7
11.06.2016,3.7,8.5,58.1,18.7,,,,7
15.06.2016,3.9,7.9,44.1,16.8,,,,7
18.06.2016,4,8.3,51.4,15.9,,,,7
22.06.2016,2.6,6.2,52.4,18.1,,,,7
25.06.2016,3,6.5,66.9,23.5,,,,7
29.06.2016,2.7,4.5,64.2,24.5,,,,7
06.07.2016,2.8,5.9,25.5,8.3,<0.5,<0.5,<0.01,7
09.07.2016,2.6,6.4,23,7.6,<0.5,<0.5,<0.01,7
13.07.2016,4.2,10.2,60.9,20.4,<0.5,<0.5,<0.01,7
16.07.2016,4.2,8.6,38.9,12.8,<0.5,<0.5,<0.01,7
20.07.2016,3.8,8.4,34.2,10.9,<0.5,<0.5,<0.01,7
23.07.2016,4.2,9.7,43.8,14.6,<0.5,<0.5,<0.01,7
27.07.2016,4.4,9.2,61.5,19.8,<0.5,<0.5,<0.01,7
30.07.2016,3.7,9,37.6,12.5,<0.5,<0.5,<0.01,7
02.08.2016,3.1,6.3,32.3,11.3,<0.5,<0.001,<0.01,7
05.08.2016,2,4.5,29.8,9.8,<0.5,<0.001,<0.01,7
09.08.2016,3.5,8.4,39,13,<0.5,<0.001,<0.01,7
12.08.2016,3.1,7.4,30.5,11.8,<0.5,<0.001,<0.01,7
16.08.2016,2.5,5.7,27.9,9.8,<0.5,<0.001,<0.01,7
19.08.2016,3.5,7.5,37.9,12.6,<0.5,<0.001,<0.01,7
23.08.2016,3.1,7.4,37.6,13.2,<0.5,<0.001,<0.01,7
26.08.2016,4.2,8.5,60.7,19.7,<0.5,<0.001,<0.01,7
30.08.2016,4.1,8.4,43.8,15,<0.5,<0.001,<0.01,7
04.09.2016,4.6,9.1,60.2,21.5,<0.5,<0.001,<0.01,7
07.09.2016,3.8,8.4,55.9,21.6,<0.5,<0.001,<0.01,7
10.09.2016,4.7,10.1,66.1,24.2,<0.5,<0.001,<0.01,7
14.09.2016,4.1,9.2,43.6,14.2,<0.5,<0.001,<0.01,7
17.09.2016,4.3,9.2,42.8,14.9,<0.5,<0.001,<0.01,7
21.09.2016,3.3,7.1,33.1,12.3,<0.5,<0.001,<0.01,7
24.09.2016,2.5,5.3,19.6,7.5,<0.5,<0.001,<0.01,7
28.09.2016,3.1,7,37.5,15.3,<0.5,<0.001,<0.01,7
30.09.2016,2.7,6,29.3,10.5,<0.5,<0.001,<0.01,7
03.10.2016,4.5,10.9,31.9,11,<0.5,<0.5,<0.01,7
05.10.2016,7.6,16.3,65.1,21.5,<0.5,<0.5,<0.01,7
14.10.2016,9.2,19.5,87,27.7,<0.5,<0.5,<0.01,7
16.10.2016,9.4,19.8,74.9,24.9,<0.5,<0.5,<0.01,7
20.10.2016,8.1,17.1,57.5,18.4,<0.5,<0.5,<0.01,7
22.10.2016,8.8,18.5,71.9,23.2,<0.5,<0.5,<0.01,7
26.10.2016,8.5,17.2,69,22.4,<0.5,<0.5,<0.01,7
29.10.2016,8.2,17.9,65.5,20.1,<0.5,<0.5,<0.01,7
03.11.2016,5.8,12.1,86,25.9,<0.5,<0.5,<0.01,7
05.11.2016,6.1,13,86.8,27.6,<0.5,<0.5,<0.01,7
09.11.2016,6.9,15,107.2,35.7,<0.5,<0.5,<0.01,7
12.11.2016,7.9,16.4,115.3,36.1,<0.5,<0.5,<0.01,7
16.11.2016,5.6,11.8,55.7,18,<0.5,<0.5,<0.01,7
19.11.2016,7.5,15.7,118.2,32.8,<0.5,<0.5,<0.01,7
23.11.2016,5.8,11.9,72.5,23.8,<0.5,<0.5,<0.01,7
26.11.2016,7.2,15.4,91.1,28.3,<0.5,<0.5,<0.01,7
30.11.2016,6,12.3,89.5,28,<0.5,<0.5,<0.01,7
02.12.2016,8.2,16.3,71.8,22.2,<0.5,<0.5,<0.01,7
06.12.2016,7.8,17.7,92.4,28.2,<0.5,<0.5,<0.01,7
08.12.2016,9.7,16.7,92.8,29.7,<0.5,<0.5,<0.01,7
13.12.2016,8.2,17.6,64.2,19.7,<0.5,<0.5,<0.01,7
15.12.2016,7.9,15.9,54.7,17.9,<0.5,<0.5,<0.01,7
20.12.2016,9,16.9,84.1,26.3,<0.5,<0.5,<0.01,7
22.12.2016,8.7,15.6,86.4,28.4,<0.5,<0.5,<0.01,7
27.12.2016,8.5,17.3,80.3,25.2,<0.5,<0.5,<0.01,7
29.12.2016,9.6,16.4,74.4,22.7,<0.5,<0.5,<0.01,7
03.01.2017,13.1,19.1,58.5,20,<0.5,<0.5,<0.01,7
05.01.2017,10,17.5,48.4,15.5,6.7,<0.5,<0.01,7
10.01.2017,11.7,18.5,45.4,14.2,<0.5,<0.5,<0.01,7
12.01.2017,10.8,16.1,50,13.6,<0.5,<0.5,<0.01,7
17.01.2017,10.4,17.6,122,36.7,<0.5,<0.5,<0.01,7
19.01.2017,11.1,17.1,86.7,28,7.7,<0.5,<0.01,7
24.01.2017,10.9,17.9,94.9,31.4,<0.5,<0.5,<0.01,7
27.01.2017,11.6,18.7,83,24.2,7,<0.5,<0.01,7
31.01.2017,11.4,18.4,99.3,32.1,<0.5,<0.5,<0.01,7
02.02.2017,12,16.5,75.1,24.3,<0.5,<0.5,<0.01,7
04.02.2017,10.5,20.2,84.7,27.5,2.4,<0.5,<0.01,7
07.02.2017,12.6,16.8,62.9,21.3,<0.5,<0.5,<0.01,7
09.02.2017,11.4,17.7,64.8,20.5,2.8,<0.5,<0.01,7
14.02.2017,10.4,16.8,67.5,22.4,<0.5,<0.5,<0.01,7
16.02.2017,11.2,16.8,71.7,23.6,<0.5,<0.5,<0.01,7
21.02.2017,11.9,17.9,57,18.4,2.5,<0.5,<0.01,7
23.02.2017,11.4,17,76.4,25.1,2.5,<0.5,<0.01,7
05.04.2016,4.6,9.3,78.7,29.3,,,,8
07.04.2016,4.2,9.4,63,18.9,,,,8
12.04.2016,4.7,9.6,83.1,33.2,,,,8
15.04.2016,4.7,9.5,75,22.8,,,,8
19.04.2016,4.2,9.1,70.7,21.6,,,,8
22.04.2016,4.4,9.2,73.9,23,,,,8
26.04.2016,4,8.7,65.1,20.1,,,,8
29.04.2016,4,9.1,60.1,22.3,,,,8
13.05.2016,9.9,10.1,56.7,22.7,BDL,BDL,,8
16.05.2016,10.3,11.9,44.5,22.9,BDL,BDL,,8
20.05.2016,7.7,11.1,43.2,20,BDL,BDL,,8
23.05.2016,8.3,10.8,43,20.3,BDL,BDL,,8
26.05.2016,7.6,11.4,40.4,20.7,BDL,0.3,,8
30.05.2016,8.9,11.5,47.1,23.1,BDL,BDL,,8
03.06.2016,6.3,8.1,27.1,16.3,BDL,<0.1,,8
07.06.2016,6.5,9.6,25.9,13.6,BDL,<0.1,,8
10.06.2016,6.5,9.2,26.6,15.2,BDL,<0.1,,8
14.06.2016,6.5,8.1,21.5,12.8,BDL,<0.1,,8
17.06.2016,5.7,8.9,22.8,14.2,BDL,<0.1,,8
21.06.2016,6.1,10.1,26.1,15,BDL,<0.1,,8
24.06.2016,6.9,9.5,27.1,15.4,BDL,<0.1,,8
28.06.2016,5.9,9.2,25.3,14.2,BDL,0.1,,8
01.07.2016,7.4,9.6,27.1,14.6,BDL,0.1,0.78,8
05.07.2016,6.9,10.3,27.7,13.7,BDL,0.1,<0.5,8
08.07.2016,5.9,10.2,26.6,12.1,BDL,0.1,<0.5,8
12.07.2016,7.1,9.4,23.7,13.3,BDL,0.1,0.6,8
15.07.2016,6.7,9.3,22.8,13.3,BDL,0.1,<0.5,8
19.07.2016,6.9,9.6,26.1,14.6,BDL,0.1,<0.5,8
22.07.2016,6.4,9.9,27.1,12.5,BDL,0.1,0,8
26.07.2016,6.5,9.9,38.1,21.7,BDL,0.1,<0.5,8
29.07.2016,7.7,11.4,28.2,16.2,BDL,0.1,<0.5,8
02.08.2016,8.2,14.3,35.9,17.1,BDL,0.2,0.14,8
05.08.2016,7.5,12.9,31.7,17.7,BDL,0.2,0.14,8
09.08.2016,8.3,15.3,34.3,18.3,BDL,0.3,0.17,8
12.08.2016,7.3,12.5,30.2,17.4,BDL,0.3,0.12,8
16.08.2016,6.6,12.7,30.5,20.1,BDL,0.1,0.14,8
19.08.2016,7.4,10.9,37.7,17.5,BDL,0.2,0.14,8
23.08.2016,7.8,13.8,36.8,19.9,BDL,0.2,0.17,8
26.08.2016,7,11.6,31.5,16.5,BDL,0.2,0.15,8
27.08.2016,6.3,13.3,35.8,20.2,BDL,0.2,0.17,8
02.09.2016,7.7,14.8,30.1,15.7,BDL,0.2,BDL,8
06.09.2016,8.7,12.9,31.5,17.1,BDL,0.3,BDL,8
09.09.2016,7.8,12.7,29.6,17.1,BDL,0.3,BDL,8
13.09.2016,9.1,12.9,31,14.6,BDL,0.2,BDL,8
16.09.2016,7.9,12.7,33,15.4,BDL,0.1,BDL,8
20.09.2016,8.8,15,29.4,13.7,BDL,0.2,BDL,8
23.09.2016,8.9,13.2,33.6,16.2,BDL,0.1,BDL,8
27.09.2016,8.6,13.7,34.1,16.8,BDL,0.2,BDL,8
30.09.2016,9.2,13.7,35.8,24.6,BDL,0.2,BDL,8
04.10.2016,5.8,10.9,39.4,18.3,0.18,BDL,BDL,8
07.10.2016,7,11.9,37.5,22.1,0.12,0.2,BDL,8
11.10.2016,6.5,11.7,36.6,19.8,0.23,0.3,BDL,8
14.10.2016,7.4,11.1,36.9,22.1,0.18,BDL,BDL,8
18.10.2016,6.1,12.7,36.6,20.5,0.35,0.2,BDL,8
21.10.2016,6.5,11.1,37,19.5,0.41,0.2,BDL,8
25.10.2016,6.8,11.1,36.1,17.5,0.12,0.2,BDL,8
28.10.2016,7.2,10.3,37.4,18.7,0.18,0.2,BDL,8
01.11.2016,6.5,10.9,43.5,22.1,0.65,0.6,0.26,8
04.11.2016,5.7,13.2,54.1,30.4,0.47,0.3,0.23,8
08.11.2016,5.1,11.3,45.6,22.9,0.53,1.4,0.26,8
11.11.2016,5.5,11.1,40,18.7,0.59,0.2,0.21,8
15.11.2016,6.3,12.6,43.8,21.2,0.76,1.1,0.22,8
18.11.2016,5.9,10.4,45.7,22.5,0.53,1.3,0.29,8
22.11.2016,5.8,10.8,51.1,25.4,0.47,0.8,0.26,8
25.11.2016,5.9,10.7,39.9,18.7,0.82,0.6,0.28,8
29.11.2016,6.7,12.7,44.8,19.6,0.23,1.2,0.29,8
02.12.2016,5.6,11.7,54.3,27.2,0.7,BDL,0.28,8
06.12.2016,5.3,11.6,57.4,26.2,0.47,BDL,0.26,8
09.12.2016,5.1,12.2,58.9,24.6,BDL,0.3,0.26,8
13.12.2016,5.3,11.3,56.1,25.8,0.65,BDL,0.32,8
16.12.2016,5.9,11.7,65.4,28.7,0.82,BDL,0.31,8
20.12.2016,6.1,9.9,60,27.5,0.59,BDL,0.3,8
23.12.2016,5.3,11.1,54.8,30.4,0.35,BDL,0.31,8
27.12.2016,5.3,11.6,61.1,27.9,0.76,0.2,0.31,8
30.12.2016,5.1,11.5,57.1,27.9,0.29,BDL,0.27,8
03.01.2017,6.5,12.1,62.1,26.6,0.65,0.2,0.32,8
06.01.2017,5.5,12.5,60.2,27.1,0.76,0.2,0.33,8
10.01.2017,5.7,12.5,55.1,25.4,0.41,0.1,0.35,8
14.01.2017,5.3,11.9,54.4,29.1,0.94,0.2,0.34,8
17.01.2017,5.5,13.8,53.7,23.7,0.7,BDL,0.35,8
20.01.2017,5.5,12.7,56.9,28.3,0.82,0.2,0.37,8
24.01.2017,6.2,12.4,61.6,26.6,0.65,0.2,0.36,8
27.01.2017,5.3,11.4,55.5,27.1,0.7,0.2,0.36,8
31.01.2017,6.2,11.9,62.6,32.5,0.59,0.3,0.37,8
03.02.2017,5.4,11.3,60.5,30.4,0.85,0.2,0.33,8
07.02.2017,5.3,13.3,69,30.4,0.65,0.2,0.34,8
10.02.2017,6.1,12.6,65.4,31.2,0.88,0.3,0.34,8
14.02.2017,4.9,12.3,71.6,30.4,0.76,0.1,0.32,8
17.02.2017,6.8,13.1,66.4,27.9,0.7,0.2,0.37,8
21.02.2017,6,11.8,66.9,29.2,0.7,0.2,0.35,8
24.02.2017,5.7,11.2,66.7,30.8,0.76,0.2,0.32,8
28.02.2017,5.6,13.3,62,29.6,0.7,0.2,0.34,8
06.04.2016,4.5,9.3,74.1,27.5,,,,9
09.04.2016,3.9,8.5,58,21.6,,,,9
13.04.2016,4.3,9.1,59.2,18,,,,9
16.04.2016,3.8,8.8,43.6,13.1,,,,9
20.04.2016,4.2,8.9,59.7,18.1,,,,9
23.04.2016,4.2,8.7,65.6,20.4,,,,9
27.04.2016,4.2,9.2,73.2,24.4,,,,9
30.04.2016,4.4,9.3,81.4,28.5,,,,9
04.05.2016,3.6,8.8,58.8,22.8,,,,9
07.05.2016,4.4,9.4,61.3,23.8,,,,9
11.05.2016,4.2,9.1,46,13.9,,,,9
14.05.2016,4.4,9.2,62.7,20.5,,,,9
18.05.2016,3.9,8.4,39.8,12.3,,,,9
21.05.2016,3.8,8.8,31.2,11.2,,,,9
25.05.2016,4,8.7,43.6,13.3,,,,9
28.05.2016,4.2,8.9,41.2,12.5,,,,9
01.06.2016,3.6,8.3,72.5,22.6,,,,9
04.06.2016,3.4,8.1,61.4,19.8,,,,9
08.06.2016,3.9,7.9,32.2,10,,,,9
11.06.2016,4.2,8.9,58.2,17.8,,,,9
15.06.2016,3.7,8.5,47.9,15.4,,,,9
18.06.2016,4.3,7.8,61.7,19,,,,9
22.06.2016,2,4.5,62.3,22.2,,,,9
25.06.2016,3.9,8,60,18.4,,,,9
29.06.2016,2.6,4.5,52,15.6,,,,9
06.07.2016,4.4,9.5,54.6,18.5,<0.5,<0.001,<0.01,9
09.07.2016,4.1,9.1,63.3,20.6,<0.5,<0.001,<0.01,9
13.07.2016,3.9,8.6,56.2,18.5,<0.5,<0.001,<0.01,9
16.07.2016,4,8.9,53.2,17.8,<0.5,<0.001,<0.01,9
20.07.2016,4,9.3,59.1,21.5,<0.5,<0.001,<0.01,9
23.07.2016,3.9,9.2,43.2,14.6,<0.5,<0.001,<0.01,9
27.07.2016,2.9,5.5,32.6,11.2,<0.5,<0.001,<0.01,9
30.07.2016,3.8,9.1,48.3,16,<0.5,<0.001,<0.01,9
03.08.2016,2,4.5,29.9,10.2,<0.5,<0.001,<0.01,9
06.08.2016,4,8.3,43.3,15.4,<0.5,<0.001,<0.01,9
10.08.2016,3.5,7.7,30.4,10.7,<0.5,<0.001,<0.01,9
13.08.2016,2.4,4.5,27.9,10,<0.5,<0.001,<0.01,9
17.08.2016,4.3,9.3,42.4,14.2,<0.5,<0.001,<0.01,9
20.08.2016,3.9,8.7,36.1,12.6,<0.5,<0.001,<0.01,9
24.08.2016,4,8.7,58.3,19.6,<0.5,<0.001,<0.01,9
27.08.2016,4,9,65.2,21.6,<0.5,<0.001,<0.01,9
31.08.2016,4,8.8,36.6,11.9,<0.5,<0.001,<0.01,9
03.09.2016,2.4,4.5,29.1,9.6,<0.5,<0.001,<0.01,9
08.09.2016,4,9.3,41.8,13.6,<0.5,<0.001,<0.01,9
10.09.2016,4,8.8,44.8,14.7,<0.5,<0.001,<0.01,9
14.09.2016,3.5,7.9,34.9,13.4,<0.5,<0.001,<0.01,9
17.09.2016,4.3,8.6,60.9,19.8,<0.5,<0.001,<0.01,9
21.09.2016,4.2,9,44.3,16.4,<0.5,<0.001,<0.01,9
24.09.2016,4,8.9,48.7,15.8,<0.5,<0.001,<0.01,9
28.09.2016,3.5,7.7,38.8,13.3,<0.5,<0.001,<0.01,9
30.09.2016,3.2,7.4,37,14,<0.5,<0.001,<0.01,9
05.10.2016,7,14.6,50.4,17.3,<0.5,<0.5,<0.01,9
08.10.2016,6.2,13,33.4,11.8,<0.5,<0.5,<0.01,9
13.10.2016,8.1,17.1,76.7,25.1,<0.5,<0.5,<0.01,9
15.10.2016,8.2,17.4,72.2,23,<0.5,<0.5,<0.01,9
19.10.2016,9.2,19.1,83.7,25.7,<0.5,<0.5,<0.01,9
22.10.2016,9.9,19.4,88.4,26.8,<0.5,<0.5,<0.01,9
26.10.2016,9.3,18.2,99.8,32.1,<0.5,<0.5,<0.01,9
29.10.2016,9.7,20.7,105,32.8,<0.5,<0.5,<0.01,9
03.11.2016,5.1,10.9,80.3,28,<0.5,<0.5,<0.01,9
05.11.2016,5.1,11.1,68.3,23.3,<0.5,<0.5,<0.01,9
10.11.2016,8.6,17.7,130.6,42.2,<0.5,<0.5,<0.01,9
12.11.2016,7,15.6,111.9,35.5,<0.5,<0.5,<0.01,9
16.11.2016,5.2,11.8,71.5,20,<0.5,<0.5,<0.01,9
19.11.2016,8.1,17.4,125,36.4,<0.5,<0.5,<0.01,9
23.11.2016,6.2,13.6,91.3,28.9,<0.5,<0.5,<0.01,9
26.11.2016,6.6,14.5,93,31.1,<0.5,<0.5,<0.01,9
30.11.2016,7.9,16.6,116.3,36.8,<0.5,<0.5,<0.01,9
03.12.2016,8.1,16.6,86.2,26.9,<0.5,<0.5,<0.01,9
07.12.2016,8.5,17.8,110.5,34.4,<0.5,<0.5,<0.01,9
09.12.2016,8.1,16.7,107.7,33.3,<0.5,<0.5,<0.01,9
13.12.2016,6.6,16,99.5,32.8,<0.5,<0.5,<0.01,9
16.12.2016,8.5,15.6,66.1,20.5,<0.5,<0.5,<0.01,9
21.12.2016,9,17.6,103.6,31.3,<0.5,<0.5,<0.01,9
23.12.2016,8.7,16.6,102.6,33.3,<0.5,<0.5,<0.01,9
28.12.2016,8.3,17.9,100.8,32.6,<0.5,<0.5,<0.01,9
30.12.2016,8.7,17.5,113.2,35.7,<0.5,<0.5,<0.01,9
04.01.2017,11,19.1,89.2,28.1,6,<0.5,<0.01,9
06.01.2017,10.6,18.9,109.6,34.4,<0.5,<0.5,<0.01,9
11.01.2017,12.3,20.5,93.6,28.8,6.7,<0.5,<0.01,9
13.01.2017,11.7,20.4,98,32.8,<0.5,<0.5,<0.01,9
18.01.2017,10.3,18.9,88.4,28.1,<0.5,<0.5,<0.01,9
20.01.2017,10.1,15.6,108.8,32.3,7.7,<0.5,<0.01,9
25.01.2017,10.9,17.9,131.6,42.7,<0.5,<0.5,<0.01,9
27.01.2017,11.3,18.5,124.7,39.9,<0.5,<0.5,<0.01,9
31.01.2017,10.6,18.1,117.2,36.6,7.5,<0.5,<0.01,9
02.02.2017,7.7,18.3,108.5,34.6,2.2,<0.5,<0.01,9
05.02.2017,7.3,16.4,98.3,31.3,<0.5,<0.5,<0.01,9
08.02.2017,7.1,16.3,89.9,28.6,<0.5,<0.5,<0.01,9
10.02.2017,7.6,15.7,70.2,22.4,2.8,<0.5,<0.01,9
14.02.2017,8.4,14.5,43.3,13.8,2.9,<0.5,<0.01,9
17.02.2017,7,16.8,85.8,27.1,<0.5,<0.5,<0.01,9
21.02.2017,8.2,17.1,88.5,28.4,2.7,<0.5,<0.01,9
23.02.2017,9.2,17.8,101.9,32.4,<0.5,<0.5,<0.01,9
06.04.2016,4.1,9,67,23.2,,,,10
09.04.2016,3.6,8.6,52.4,15.9,,,,10
13.04.2016,3.8,8.7,67.2,24.2,,,,10
16.04.2016,4.2,8.9,69.7,23.2,,,,10
20.04.2016,4,8.6,60.8,18.6,,,,10
23.04.2016,4.2,9.1,71.7,27.5,,,,10
27.04.2016,4,8.7,59,18.8,,,,10
30.04.2016,4.3,9,72,25.2,,,,10
03.05.2016,4,8.7,53.8,19,,,,10
06.05.2016,4.3,9,70,27.7,,,,10
10.05.2016,4.2,9.1,64.7,21.5,,,,10
13.05.2016,4.2,9.4,64.3,23.1,,,,10
17.05.2016,4,8.6,51,16.6,,,,10
20.05.2016,3.8,8.7,41.7,12.7,,,,10
24.05.2016,4.1,9.4,55.1,22.9,,,,10
27.05.2016,3.6,8.6,30.1,11.7,,,,10
02.06.2016,4,9.5,49.5,15,,,,10
04.06.2016,3.8,8.8,47.6,14.6,,,,10
07.06.2016,3.6,8.1,30.8,10.2,,,,10
10.06.2016,2.9,6.4,49.7,15,,,,10
14.06.2016,4.1,8.7,57.5,17.8,,,,10
17.06.2016,3.7,8.6,66.3,19.9,,,,10
21.06.2016,2.9,6.4,43,13.1,,,,10
24.06.2016,3.4,8.1,59.8,18.5,,,,10
28.06.2016,2.7,6.3,58.2,22.7,,,,10
05.07.2016,4.4,11.1,34.8,12.9,<0.5,<0.001,<0.01,10
08.07.2016,3.3,8,19,7.6,<0.5,<0.001,<0.01,10
12.07.2016,4.2,10.5,66.8,21.7,<0.5,<0.001,<0.01,10
15.07.2016,4.2,9,32.7,11.4,<0.5,<0.001,<0.01,10
19.07.2016,2.9,5.4,14.2,6.8,<0.5,<0.001,<0.01,10
22.07.2016,3.5,6.6,16.1,5.7,<0.5,<0.001,<0.01,10
26.07.2016,4.3,8.7,34.7,11.4,<0.5,<0.001,<0.01,10
29.07.2016,4,9,42,12.8,<0.5,<0.001,<0.01,10
02.08.2016,4.1,9.1,30.2,10.8,<0.5,<0.001,<0.01,10
05.08.2016,3.4,8,28.9,9.3,<0.5,<0.001,<0.01,10
09.08.2016,3.6,8.1,29.1,9.1,<0.5,<0.001,<0.01,10
13.08.2016,3.6,8.1,47.6,16,<0.5,<0.001,<0.01,10
16.08.2016,3.1,7.6,27.8,10.5,<0.5,<0.001,<0.01,10
19.08.2016,3.9,9.2,50.4,16.7,<0.5,<0.001,<0.01,10
23.08.2016,2.5,6.3,22.9,8.2,<0.5,<0.001,<0.01,10
26.08.2016,3,8.7,27.1,9.3,<0.5,<0.001,<0.01,10
30.08.2016,3,7.7,26,8.6,<0.5,<0.001,<0.01,10
02.09.2016,2,4.5,21.9,8.5,<0.5,<0.001,<0.01,10
08.09.2016,3.6,8.1,37,13,<0.5,<0.001,<0.01,10
11.09.2016,3.5,7.9,28.6,8.7,<0.5,<0.001,<0.01,10
13.09.2016,3.6,7.8,28.1,10,<0.5,<0.001,<0.01,10
16.09.2016,2,4.5,25,9.2,<0.5,<0.001,<0.01,10
20.09.2016,2,4.5,15.5,5.8,<0.5,<0.001,<0.01,10
23.09.2016,2,4.5,15,5.2,<0.5,<0.001,<0.01,10
27.09.2016,3.3,8.2,29.7,11.4,<0.5,<0.001,<0.01,10
30.09.2016,3.4,7.6,34.9,12.6,<0.5,<0.001,<0.01,10
04.10.2016,4.1,9.6,20.9,8.3,<0.5,<0.5,<0.01,10
07.10.2016,5.2,11.5,34.1,11,<0.5,<0.5,<0.01,10
12.10.2016,6.3,14.3,55.1,18,<0.5,<0.5,<0.01,10
14.10.2016,7.5,16,70.8,22.3,<0.5,<0.5,<0.01,10
18.10.2016,7,14.8,79.8,25.6,<0.5,<0.5,<0.01,10
21.10.2016,6.7,14.7,63.7,19.5,<0.5,<0.5,<0.01,10
25.10.2016,8.5,19.3,101.9,31.9,<0.5,<0.5,<0.01,10
28.10.2016,9,18.7,122.8,40.6,<0.5,<0.5,<0.01,10
03.11.2016,9.1,18.5,127,42.6,<0.5,<0.5,<0.01,10
05.11.2016,10.2,17.9,117.5,41.5,<0.5,<0.5,<0.01,10
08.11.2016,9.2,18.2,126.8,44.4,<0.5,<0.5,<0.01,10
11.11.2016,9.8,18.8,138.8,45.8,<0.5,<0.5,<0.01,10
15.11.2016*,9,12.3,71.4,29,<0.5,<0.5,<0.01,10
18.11.2016,9.4,19.8,139.9,46.5,<0.5,<0.5,<0.01,10
22.11.2016,9.6,18.8,102.4,32.8,<0.5,<0.5,<0.01,10
25.11.2016,9.7,19.7,109.1,36.9,<0.5,<0.5,<0.01,10
29.11.2016,10.4,19.6,111.8,38.1,<0.5,<0.5,<0.01,10
02.12.2016,6.9,18.3,92.4,29.6,<0.5,<0.5,<0.01,10
06.12.2016,7.7,16.5,109.9,34.2,<0.5,<0.5,<0.01,10
08.12.2016,9.1,19.3,134.1,42.6,<0.5,<0.5,<0.01,10
13.12.2016,8.9,18.2,119,36.1,<0.5,<0.5,<0.01,10
15.12.2016,8.4,19.1,103,31.7,<0.5,<0.5,<0.01,10
20.12.2016,8.6,17.4,114.6,35,<0.5,<0.5,<0.01,10
22.12.2016,6.7,15.5,95,29.4,<0.5,<0.5,<0.01,10
27.12.2016,8.6,18.4,114.9,35.2,<0.5,<0.5,<0.01,10
29.12.2016,8.5,19.7,120.5,40.9,<0.5,<0.5,<0.01,10
03.01.2017,12.7,19.7,115,38.1,<0.5,<0.5,<0.01,10
06.01.2017,11.8,18.4,130.2,39.6,5.7,<0.5,<0.01,10
10.01.2017,12,18.9,106.8,33.7,<0.5,<0.5,<0.01,10
12.01.2017,10.4,17.8,106.4,33.7,<0.5,<0.5,<0.01,10
17.01.2017,11.6,18,111.9,35.3,7.7,<0.5,<0.01,10
19.01.2017,11,19.5,106.1,32.9,<0.5,<0.5,<0.01,10
24.01.2017,11.5,17.8,131.5,41.4,<0.5,<0.5,<0.01,10
27.01.2017,10.2,18.6,96.5,30.5,7.3,<0.5,<0.01,10
31.01.2017,11.4,20.1,103.5,33.3,<0.5,<0.5,<0.01,10
02.02.2017,13.8,20.8,113.2,37,1.9,<0.5,<0.01,10
04.02.2017,9.4,21.3,107.2,35.8,1.1,<0.5,<0.01,10
07.02.2017,13,20.1,97.8,31.6,<0.5,<0.5,<0.01,10
09.02.2017,11.6,17.9,99.3,32,1.3,<0.5,<0.01,10
14.02.2017,11.3,17.9,98,31.9,<0.5,<0.5,<0.01,10
16.02.2017,10,16.6,112.8,37.2,<0.5,<0.5,<0.01,10
21.02.2017,11.8,17.7,84.4,27.9,<0.5,<0.5,<0.01,10
23.02.2017,10.1,18.5,92,30.9,1.9,<0.5,<0.01,10
06.04.2016,4.2,9.2,54.2,21.5,BDL,BDL,BDL,11
09.04.2016,4.3,9.1,68.1,26.2,BDL,BDL,BDL,11
13.04.2016,4.5,9.3,79.3,30.1,BDL,BDL,BDL,11
16.04.2016,4.4,9.2,62.9,19.7,BDL,BDL,BDL,11
20.04.2016,3.8,8.7,33.6,10.3,BDL,BDL,BDL,11
23.04.2016,4,8.8,35.4,12.6,BDL,BDL,BDL,11
27.04.2016,4.2,8.5,40.2,15.2,BDL,BDL,BDL,11
30.04.2016,4.4,9.2,65.7,27.5,BDL,BDL,BDL,11
04.05.2016,4.4,9.3,52.6,17.9,BDL,BDL,BDL,11
07.05.2016,4,8.8,35.8,12.2,BDL,BDL,BDL,11
11.05.2016,4.2,8.6,42,15,BDL,BDL,BDL,11
14.05.2016,4.4,9.3,77.3,27.5,BDL,BDL,BDL,11
18.05.2016,4.4,9.2,60.9,22.2,BDL,BDL,BDL,11
21.05.2016,4.2,9.2,50.4,18,BDL,BDL,BDL,11
25.05.2016,4.3,9.1,51.7,17.4,BDL,BDL,BDL,11
28.05.2016,3.8,8.7,30.7,10.7,BDL,BDL,BDL,11
01.06.2016,4.9,8.9,40.6,14.5,BDL,BDL,BDL,11
04.06.2016,4.6,8.5,49.4,19.2,BDL,BDL,BDL,11
08.06.2016,4.8,8.9,60,20.5,BDL,BDL,BDL,11
11.06.2016,3.4,6.4,47.5,17.3,BDL,BDL,BDL,11
15.06.2016,4.6,8.9,59.1,21.9,BDL,BDL,BDL,11
18.06.2016,4.6,8.7,61.2,22.7,BDL,BDL,BDL,11
22.06.2016,2.9,5.7,73.1,27.1,BDL,BDL,BDL,11
25.06.2016,3.1,5.9,74,25.6,BDL,BDL,BDL,11
29.06.2016,2.9,5.7,65.3,22.1,,,,11
06.07.2016,2.5,5.8,28.1,10.3,<0.5,<0.001,<0.01,11
09.07.2016,3,7.4,30.7,11.6,<0.5,<0.001,<0.01,11
13.07.2016,3.5,7.8,66.7,21.3,<0.5,<0.001,<0.01,11
16.07.2016,4.4,9.9,68.1,24.6,<0.5,<0.001,<0.01,11
20.07.2016,3.7,8.6,62,20.3,<0.5,<0.001,<0.01,11
23.07.2016,4.3,9.4,67.2,20.7,<0.5,<0.001,<0.01,11
27.07.2016,3.2,7,56,19,<0.5,<0.001,<0.01,11
30.07.2016,3.7,7.4,43,14.4,<0.5,<0.001,<0.01,11
03.08.2016,3.4,7.2,55.7,18.5,<0.5,<0.001,<0.01,11
06.08.2016,2.8,6.9,21.8,7.8,<0.5,<0.001,<0.01,11
10.08.2016,3.7,7.8,37.8,12.2,<0.5,<0.001,<0.01,11
13.08.2016,3.5,8.8,28.4,9.3,<0.5,<0.001,<0.01,11
17.08.2016,3.6,7.1,26.5,9,<0.5,<0.001,<0.01,11
20.08.2016,2.5,6.4,23.9,8.5,<0.5,<0.001,<0.01,11
24.08.2016,3.5,7.5,26.6,10.8,<0.5,<0.001,<0.01,11
27.08.2016,3.8,7.6,32.2,10.2,<0.5,<0.001,<0.01,11
31.08.2016,2.7,6.4,24.8,9.2,<0.5,<0.001,<0.01,11
03.09.2016,2.9,6.7,40.5,14.6,<0.5,<0.001,<0.01,11
07.09.2016,3.3,8.8,43.7,16,<0.5,<0.001,<0.01,11
10.09.2016,3.5,9.3,40.8,13.9,<0.5,<0.001,<0.01,11
14.09.2016,3.5,6.8,30.6,10.6,<0.5,<0.001,<0.01,11
17.09.2016,2.9,6.7,38.3,12.8,<0.5,<0.001,<0.01,11
21.09.2016,2.8,5.7,20.4,7.2,<0.5,<0.001,<0.01,11
24.09.2016,2,4.5,17.4,6.9,<0.5,<0.001,<0.01,11
28.09.2016,2.5,6.5,21.1,7,<0.5,<0.001,<0.01,11
01.10.2016,3.7,8.1,21.2,7.1,<0.5,<0.5,<0.01,11
04.10.2016,3.8,7.9,15,6.1,<0.5,<0.5,<0.01,11
08.10.2016,3.6,8.4,14,5.7,<0.5,<0.5,<0.01,11
13.10.2016,6.1,12.9,50.9,16.5,<0.5,<0.5,<0.01,11
15.10.2016,6.5,14.3,43.1,13.9,<0.5,<0.5,<0.01,11
19.10.2016,8,17,55,20.9,<0.5,<0.5,<0.01,11
22.10.2016,9,18.8,81.2,28.2,<0.5,<0.5,<0.01,11
27.10.2016,9.4,18.6,180.1,58.5,<0.5,<0.5,<0.01,11
29.10.2016,9.5,19.4,138.3,43.3,<0.5,<0.5,<0.01,11
03.11.2016,5.6,11.5,118.3,37.9,<0.5,<0.5,<0.01,11
05.11.2016,6.2,13.2,133.7,40.5,<0.5,<0.5,<0.01,11
09.11.2016,7.5,15.5,140.8,46.3,<0.5,<0.5,<0.01,11
12.11.2016,10,19.6,161.5,51.7,<0.5,<0.5,<0.01,11
16.11.2016,5.5,10.7,91.2,33.4,<0.5,<0.5,<0.01,11
19.11.2016,9.4,18,159.7,50.4,<0.5,<0.5,<0.01,11
23.11.2016,6.9,14.5,137.1,42.6,<0.5,<0.5,<0.01,11
26.11.2016,7.9,15.2,148.5,46.3,<0.5,<0.5,<0.01,11
30.11.2016,9.7,17.6,150.3,47.4,<0.5,<0.5,<0.01,11
03.12.2016,8.8,17.4,101.6,31.4,<0.5,<0.5,<0.01,11
07.12.2016,9.2,17.1,140.5,42.4,<0.5,<0.5,<0.01,11
09.12.2016,7.9,16.7,116.4,36.1,<0.5,<0.5,<0.01,11
14.12.2016,6.7,15.4,106.3,33.6,<0.5,<0.5,<0.01,11
16.12.2016,6.4,14.6,84.3,24,<0.5,<0.5,<0.01,11
21.12.2016,8.4,15.9,89.6,27.2,<0.5,<0.5,<0.01,11
23.12.2016,9.7,17.2,116.2,35.8,<0.5,<0.5,<0.01,11
28.12.2016,9.6,14.5,114.6,34.8,<0.5,<0.5,<0.01,11
30.12.2016,9.6,17,122.8,39.3,<0.5,<0.5,<0.01,11
04.01.2017,11.7,16.2,108,34.5,<0.5,<0.5,<0.01,11
06.01.2017,10.1,19.6,115.5,37.6,6.3,<0.5,<0.01,11
10.01.2017,12,16.1,103.8,33.2,<0.5,<0.5,<0.01,11
12.01.2017,10.3,16.4,122.3,39.2,<0.5,<0.5,<0.01,11
19.01.2017,12.3,19.7,126.4,40.6,<0.5,<0.5,<0.01,11
21.01.2017,11.8,18.9,117.4,36.4,7.3,<0.5,<0.01,11
25.01.2017,11.7,17.1,124.9,37.7,<0.5,<0.5,<0.01,11
28.01.2017,10.8,16.1,119.4,37.4,<0.5,<0.5,<0.01,11
31.01.2017,11.2,16.7,115.4,38.5,<0.5,<0.5,<0.01,11
02.02.2017,8.8,16.4,106,32.7,2.8,<0.5,<0.01,11
05.02.2017,8.1,17,115.7,35.7,<0.5,<0.5,<0.01,11
07.02.2017,7.7,17.7,106.6,34.1,2.6,<0.5,<0.01,11
09.02.2017,8.1,16.2,111.5,34.9,2.2,<0.5,<0.01,11
15.02.2017,8.5,19.1,112,36.2,2.6,<0.5,<0.01,11
17.02.2017,7,15,119.4,38.1,<0.5,<0.5,<0.01,11
21.02.2017,10.8,19,95.2,29.6,<0.5,<0.5,<0.01,11
23.02.2017,11.2,17.1,95,30.3,2.7,<0.5,<0.01,11
06.04.2016,4.2,9.3,66.6,21.4,,,,12
09.04.2016,4.4,9.2,69.8,23.7,,,,12
13.04.2016,4.2,9,59.8,17.3,,,,12
16.04.2016,3.7,8.7,43.2,14.9,,,,12
20.04.2016,4.2,9.2,55.7,16.9,,,,12
23.04.2016,4,9.1,44.1,13.7,,,,12
27.04.2016,3.9,8.7,50.8,15.7,,,,12
30.04.2016,4.6,9.5,70.6,25.8,,,,12
04.05.2016,3.7,8.7,36.1,10.9,,,,12
07.05.2016,4.2,9.2,59.4,22.5,,,,12
11.05.2016,4.1,9.3,54.5,19.7,,,,12
14.05.2016,4.5,9.5,71,27.1,,,,12
18.05.2016,4.2,9.2,42.5,12.9,,,,12
21.05.2016,4.2,9,52.1,16.5,,,,12
25.05.2016,3.9,8.8,36.5,11.4,,,,12
28.05.2016,4,9.1,41.5,12.5,,,,12
01.06.2016,4.1,9,61.9,21,,,,12
04.06.2016,3.5,7.8,46.2,14.9,,,,12
08.06.2016,3.7,8.1,31.4,10.1,,,,12
11.06.2016,3.6,7.6,32,11.5,,,,12
15.06.2016,3.8,7.7,54.3,18.1,,,,12
18.06.2016,4,9,55.6,16.9,,,,12
22.06.2016,2,4.5,52.8,15.9,,,,12
25.06.2016,3.5,7.6,59.7,18.1,,,,12
29.06.2016,2,4.5,67.7,22.1,,,,12
06.07.2016,3.6,7.2,35.8,13.1,<0.5,<0.001,<0.01,12
09.07.2016,3.9,8.5,34.4,10.8,<0.5,<0.001,<0.01,12
13.07.2016,4.4,9,79.8,24.3,<0.5,<0.001,<0.01,12
16.07.2016,4.3,9.2,65.1,23.1,<0.5,<0.001,<0.01,12
20.07.2016,3.2,6.9,24,9,<0.5,<0.001,<0.01,12
23.07.2016,4,9.2,22.3,7.8,<0.5,<0.001,<0.01,12
27.07.2016,3.3,7.2,25.7,9.6,<0.5,<0.001,<0.01,12
30.07.2016,2,4.5,21.9,7.2,<0.5,<0.001,<0.01,12
03.08.2016,3.8,6.9,32.2,12.3,<0.5,<0.001,<0.01,12
06.08.2016,3.8,8.4,36.9,12.6,<0.5,<0.001,<0.01,12
10.08.2016,4.1,8.7,44.7,16.1,<0.5,<0.001,<0.01,12
13.08.2016,3.7,7.8,42.9,14.5,<0.5,<0.001,<0.01,12
17.08.2016,4.3,9.1,47.8,15,<0.5,<0.001,<0.01,12
20.08.2016,3.6,9.1,34.8,12.3,<0.5,<0.001,<0.01,12
24.08.2016,3.7,7.7,38.4,15,<0.5,<0.001,<0.01,12
27.08.2016,3.5,7.8,33,12.9,<0.5,<0.001,<0.01,12
31.08.2016,3.3,6.5,24.8,8.7,<0.5,<0.001,<0.01,12
03.09.2016,4.3,9.4,58,22.9,<0.5,<0.001,<0.01,12
07.09.2016,3.5,8.9,49.5,19.2,<0.5,<0.001,<0.01,12
10.09.2016,3.5,8.4,41.2,15.6,<0.5,<0.001,<0.01,12
14.09.2016,2.7,6.4,36.1,12.1,<0.5,<0.001,<0.01,12
17.09.2016,2.9,8,37.8,15.5,<0.5,<0.001,<0.01,12
21.09.2016,4.9,10.2,79.6,26.6,<0.5,<0.001,<0.01,12
24.09.2016,3.8,9.6,52.8,17.8,<0.5,<0.001,<0.01,12
28.09.2016,3.7,9.7,52.6,18.7,<0.5,<0.001,<0.01,12
30.09.2016,3.5,8.8,43.5,14.4,<0.5,<0.001,<0.01,12
05.10.2016,4.7,12.5,46.6,17.3,<0.5,<0.5,<0.01,12
08.10.2016,4.1,10.4,24.8,9.3,<0.5,<0.5,<0.01,12
13.10.2016,6.4,13.8,80.6,25.9,<0.5,<0.5,<0.01,12
15.10.2016,8.9,17.8,85.2,27.3,<0.5,<0.5,<0.01,12
19.10.2016,9,18.8,89.2,29.4,<0.5,<0.5,<0.01,12
22.10.2016,8.1,14.6,84.2,28.2,<0.5,<0.5,<0.01,12
26.10.2016,9.4,20.6,154.5,49.6,<0.5,<0.5,<0.01,12
29.10.2016,9.5,18.7,149.2,50.1,<0.5,<0.5,<0.01,12
03.11.2016,9.6,20.7,159.8,50,<0.5,<0.5,<0.01,12
05.11.2016,9.6,21.3,151.4,49,<0.5,<0.5,<0.01,12
09.11.2016,11.3,25.3,158.3,49.5,<0.5,<0.5,<0.01,12
12.11.2016,14.2,30.7,161.7,52.7,<0.5,<0.5,<0.01,12
16.11.2016,7.1,16.3,77.8,23.2,<0.5,<0.5,<0.01,12
19.11.2016,11.2,25.2,155.2,45.7,<0.5,<0.5,<0.01,12
23.11.2016,9.9,21.5,150.9,48.1,<0.5,<0.5,<0.01,12
26.11.2016,12.3,27.1,159.6,51.8,<0.5,<0.5,<0.01,12
30.11.2016,12.1,26.7,157.7,47.4,<0.5,<0.5,<0.01,12
03.12.2016,7.5,17.8,104.7,33.2,<0.5,<0.5,<0.01,12
07.12.2016,9,18.1,125.6,38.9,<0.5,<0.5,<0.01,12
09.12.2016,9.6,17.1,127.7,40,<0.5,<0.5,<0.01,12
14.12.2016,8,15.5,105.8,33,<0.5,<0.5,<0.01,12
16.12.2016,7.1,15.9,81.9,23.8,<0.5,<0.5,<0.01,12
21.12.2016,8.8,16.3,108.6,33.8,<0.5,<0.5,<0.01,12
23.12.2016,8.1,16.8,85.7,27.3,<0.5,<0.5,<0.01,12
28.12.2016,6.4,15.5,99.7,30.5,<0.5,<0.5,<0.01,12
30.12.2016,8.2,16.3,109.5,34.5,<0.5,<0.5,<0.01,12
04.01.2017,12.6,19.2,91.4,28.3,6.5,<0.5,<0.01,12
06.01.2017,12.4,19,103.4,31.9,<0.5,<0.5,<0.01,12
11.01.2017,11,17.8,77.7,24.9,<0.5,<0.5,<0.01,12
13.01.2017,11.1,17.3,96.8,29.5,5.7,<0.5,<0.01,12
18.01.2017,10.9,16.4,112.4,35.1,<0.5,<0.5,<0.01,12
20.01.2017,10.7,16.8,109.3,34.3,<0.5,<0.5,<0.01,12
25.01.2017,10.5,16.3,113,35.5,<0.5,<0.5,<0.01,12
28.01.2017,9.4,16.9,105.8,33.1,<0.5,<0.5,<0.01,12
31.01.2017,11.8,16.8,98.1,31.2,8,<0.5,<0.01,12
02.02.2017,8.5,16.7,95,30.6,<0.5,<0.5,<0.01,12
05.02.2017,12.2,20.5,74.1,24.1,3.4,<0.5,<0.01,12
08.02.2017,7.7,14.2,87.2,27.8,<0.5,<0.5,<0.01,12
10.02.2017,7.6,14.9,87.5,28.4,2.9,<0.5,<0.01,12
15.02.2017,6,13.4,105.9,34.9,<0.5,<0.5,<0.01,12
17.02.2017,7.4,14.4,113.1,35.6,1.7,<0.5,<0.01,12
21.02.2017,7.6,14.9,73.8,24.4,1.7,<0.5,<0.01,12
23.02.2017,7.5,16.3,103.8,33.4,<0.5,<0.5,<0.01,12
05.04.2016,4.3,9.2,63.1,24,BDL,BDL,BDL,14
07.04.2016,4.7,9.5,74,33.9,BDL,BDL,BDL,14
12.04.2016,4.6,8.6,69.7,25.5,BDL,BDL,BDL,14
15.04.2016,4.8,9.8,82.3,28.2,BDL,BDL,BDL,14
19.04.2016,4.5,9.2,65.9,23.7,BDL,BDL,BDL,14
22.04.2016,4.2,9,54.8,18.8,BDL,BDL,BDL,14
26.04.2016,4.4,9.1,55.9,20,BDL,BDL,BDL,14
29.04.2016,4.1,9.2,42.7,15.7,BDL,BDL,BDL,14
03.05.2016,13.1,23.2,63.4,24.6,,,,14
06.05.2016,12.3,14.5,91.3,20.4,,,,14
09.05.2016,12.6,16.1,42.7,66.7,,,,14
13.05.2016,13.5,25.4,90.1,51.2,,,,14
17.05.2016,13.4,20.3,126,72.9,,,,14
20.05.2016,13.1,21.7,78.7,38.3,,,,14
24.05.2016,14.6,25.6,92.5,50.8,,,,14
27.05.2016,12.7,19.6,98,48.4,,,,14
30.05.2016,14.6,19.4,73.7,39.3,,,,14
02.06.2016,19.5,19.7,51.1,22.1,,,,14
06.06.2016,13.5,17.8,64.7,28.3,,,,14
09.06.2016,10,18,48.6,24.3,,,,14
13.06.2016,12,17.9,52.7,23.4,,,,14
16.06.2016,13.4,18.7,47,40.2,,,,14
20.06.2016,7.6,17.5,52,21.8,,,,14
23.06.2016,8.8,19.1,49.5,25.1,,,,14
27.06.2016,-,-,-,-,,,,14
30.06.2016,8.8,18.5,53.6,31.4,,,,14
04.07.2016,13.5,16,51.1,18.3,BDL,0.1,0.7,14
07.07.2016,13,15.8,62.7,17.5,0.48,0.1,<0.5,14
11.07.2016,12.5,18.1,48.6,22.5,BDL,0.1,<0.5,14
14.07.2016,12,17.2,52.8,18.7,0.48,0.1,<0.5,14
18.07.2016,12.6,17.5,46.7,25.4,BDL,0.4,<0.5,14
21.07.2016,14.1,14.3,52,22.9,BDL,0.1,0.6,14
25.07.2016,13.2,16,47,18.7,BDL,0.1,0.6,14
28.07.2016,15.7,16.7,60.7,22.1,BDL,0.1,1.1,14
01.08.2016,14.2,23.6,62.6,35.4,,,,14
04.08.2016,13.1,20.4,69.5,35,,,,14
08.08.2016,13.2,22.2,54,25,,,,14
11.08.2016,12.5,23,63.3,41.2,,,,14
15.08.2016,13.1,20,68,30.4,,,,14
18.08.2016,13.6,19,60.5,27.9,,,,14
22.08.2016,13.7,19.6,63.8,30,,,,14
25.08.2016,13.4,22.7,79.3,35.4,,,,14
29.08.2016,12.1,21.9,63.3,41.1,,,,14
01.09.2016,15.8,21.7,54.3,20,,,,14
05.09.2016,14.5,20.7,61,20.4,,,,14
08.09.2016,14.5,21.4,55.3,27.1,,,,14
12.09.2016,14.5,22.9,35.1,32.9,,,,14
15.09.2016,15.1,21.9,59,31.2,,,,14
19.09.2016,15.5,25,64.3,31.1,,,,14
22.09.2016,11.9,18.6,50,31.8,,,,14
26.09.2016,10.5,22.2,56.3,32.1,,,,14
29.09.2016,10.1,20,53.6,26.9,,,,14
03.10.2016,11.8,18.1,61.1,31.7,0.66,0.4,0.7,14
06.10.2016,12.4,18.6,62.4,34.2,0.77,0.3,BDL,14
10.10.2016,12,18.6,55.5,30,0.55,0.3,BDL,14
13.10.2016,11.8,17.4,50.5,32.1,0.66,0.4,0.6,14
17.10.2016,12.6,19.1,72,36.4,0.55,0.4,BDL,14
20.10.2016,12.6,21,68.9,34.6,0.77,0.3,0.6,14
24.10.2016,12.7,16.5,64.8,36.2,1.53,0.3,BDL,14
27.10.2016,11.4,18.3,70.3,34.6,1.31,0.3,0.9,14
31.10.2016,13,19,61.9,32.5,1.86,0.4,BDL,14
03.11.2016,8.6,12.5,95.7,44.2,0.87,1.1,0.48,14
07.11.2016,11.1,15.8,64.3,37.1,0.77,1.3,0.53,14
10.11.2016,11.4,14.8,70.6,35.8,0.87,0.7,0.47,14
14.11.2016,7.4,13.4,84.8,51.2,0.59,0.5,0.48,14
17.11.2016,10.7,14.2,51,26.7,0.77,1,0.65,14
21.11.2016,11.1,15.1,64.6,33.3,1.31,0.3,0.57,14
24.11.2016,11,15.4,42.5,22.9,0.87,0.4,0.75,14
28.11.2016,12.4,16.8,79.8,46.7,0.87,0.9,0.71,14
01.12.2016,7.4,14.5,104.1,10.3,0.4,0.4,0.56,14
05.12.2016,8.4,14.1,78.1,78,0.4,0.4,0.52,14
08.12.2016,7.8,13.2,122.5,115,0.5,0.5,0.53,14
12.12.2016,8.7,14.2,83.4,83,0.6,0.5,0.54,14
15.12.2016,8.1,15.1,111.1,107,0.5,0.3,0.51,14
19.12.2016,8,15,96,96,0.8,0.3,0.5,14
22.12.2016,9,13.2,129.2,137,0.7,0.4,0.55,14
26.12.2016,10.6,13.7,87.3,87,0.8,0.4,0.52,14
29.12.2016,8.7,13.4,86.4,96,0.9,0.4,0.5,14
02.01.2017,7.1,12.2,94.5,56.9,0.71,0.2,0.47,14
05.01.2017,5.9,12.9,90.8,59.2,0.93,0.4,0.41,14
09.01.2017,7.3,14.7,82.6,50.8,0.71,0.4,0.42,14
12.01.2017,6.7,14.7,95.8,56.2,1,0.5,0.48,14
16.01.2017,6,14,113,66.7,0.77,0.4,0.53,14
19.01.2017,6.7,12.7,93,58.3,0.87,0.3,0.55,14
23.01.2017,6.4,13.4,96.1,60.8,0.82,0.3,0.53,14
26.01.2017,7,15.1,116.8,66.1,0.71,0.4,0.54,14
30.01.2017,9.2,14,91.7,58.3,0.66,0.4,0.51,14
06.04.2016,4.4,9.3,85.2,27.1,,,,15
09.04.2016,4.5,9.2,88.6,33.5,,,,15
13.04.2016,4.4,9.2,84.1,25.9,,,,15
16.04.2016,4.2,8.8,77.2,23.3,,,,15
20.04.2016,4.2,8.9,71.2,21.9,,,,15
23.04.2016,3.8,8.8,54.3,18.1,,,,15
27.04.2016,4.1,8.8,64.2,20.3,,,,15
30.04.2016,4.2,8.7,68.5,22.9,,,,15
18.05.2016,4.5,9.6,83.3,30.2,,,,15
21.05.2016,4.4,8.6,75,26.4,,,,15
25.05.2016,4.1,9.1,71.9,21.7,,,,15
28.05.2016,4,9.1,73.9,22.7,,,,15
01.06.2016,4,8.9,62.6,23.3,,,,15
04.06.2016,4.2,8.9,42.9,16.2,,,,15
08.06.2016,3.7,8.6,50.3,16.1,,,,15
11.06.2016,3.4,7.6,64.6,23.3,,,,15
15.06.2016,3.6,8.3,37.8,11.6,,,,15
18.06.2016,3.2,6.7,34.1,10.4,,,,15
22.06.2016,2,4.5,34.3,12.7,,,,15
25.06.2016,2,7.4,55.4,21.4,,,,15
29.06.2016,2.7,6.7,56.5,20.5,,,,15
06.07.2016,3.5,8,50.6,17.3,<0.5,<0.001,<0.01,15
09.07.2016,4.3,9.2,42.8,13.5,<0.5,<0.001,<0.01,15
13.07.2016,4.1,9.4,80.9,26,<0.5,<0.001,<0.01,15
16.07.2016,4.2,8.7,79.2,26.5,<0.5,<0.001,<0.01,15
20.07.2016,2.5,5.6,28.9,10.1,<0.5,<0.001,<0.01,15
23.07.2016,4.6,9.9,66.1,23.6,<0.5,<0.001,<0.01,15
27.07.2016,3.7,8.7,42.8,13,<0.5,<0.001,<0.01,15
30.07.2016,4,9.1,59.1,19,<0.5,<0.001,<0.01,15
03.08.2016,4,8.6,58.7,17.7,<0.5,<0.001,<0.01,15
06.08.2016,4,8.4,66.1,20.4,<0.5,<0.001,<0.01,15
10.08.2016,4.4,8.8,67.2,21.2,<0.5,<0.001,<0.01,15
13.08.2016,4,8.5,66.2,21.9,<0.5,<0.001,<0.01,15
17.08.2016,3.7,7.7,59.3,19.1,<0.5,<0.001,<0.01,15
20.08.2016,2.5,5.7,44.9,14.6,<0.5,<0.001,<0.01,15
24.08.2016,3.9,8.6,52.4,17.9,<0.5,<0.001,<0.01,15
27.08.2016,4.3,8.9,52.1,16.5,<0.5,<0.001,<0.01,15
31.08.2016,3.1,6.4,45.3,14.9,<0.5,<0.001,<0.01,15
03.09.2016,4.1,9,46.8,15,<0.5,<0.001,<0.01,15
07.09.2016,3.9,8.3,43.3,14.1,<0.5,<0.001,<0.01,15
10.09.2016,3.9,9.1,43.5,15.7,<0.5,<0.001,<0.01,15
14.09.2016,3.4,8.8,35.6,10.5,<0.5,<0.001,<0.01,15
17.09.2016,4.3,9.1,54,17,<0.5,<0.001,<0.01,15
21.09.2016,2.5,5.6,23.4,7.7,<0.5,<0.001,<0.01,15
24.09.2016,2,4.5,29.5,10.8,<0.5,<0.001,<0.01,15
28.09.2016,3.9,8.4,44.9,15.9,<0.5,<0.001,<0.01,15
01.10.2016,5.8,12.1,43.2,15.8,<0.5,<0.5,<0.01,15
05.10.2016,4.3,9.2,24.4,8,<0.5,<0.5,<0.01,15
08.10.2016,4.3,9.5,23.7,8.4,<0.5,<0.5,<0.01,15
13.10.2016,4.1,9.2,23.4,7.8,<0.5,<0.5,<0.01,15
15.10.2016,3.2,6.9,16,7.1,<0.5,<0.5,<0.01,15
19.10.2016,3.6,8.4,20.5,7.6,<0.5,<0.5,<0.01,15
22.10.2016,4.4,9.5,23.5,7.8,<0.5,<0.5,<0.01,15
26.10.2016,3.7,8.6,20.9,7.3,<0.5,<0.5,<0.01,15
29.10.2016,2.6,5.9,14.9,6.2,<0.5,<0.5,<0.01,15
03.11.2016,9.1,18.9,132.6,38.6,<0.5,<0.5,<0.01,15
05.11.2016,8.8,18.1,117.4,35.8,<0.5,<0.5,<0.01,15
09.11.2016,9.5,18.5,118.9,33.6,<0.5,<0.5,<0.01,15
12.11.2016,8.5,17.2,114.1,28.6,<0.5,<0.5,<0.01,15
20.11.2016,7.2,14.5,79.4,22.4,<0.5,<0.5,<0.01,15
23.11.2016,5.8,12.3,54.8,19.5,<0.5,<0.5,<0.01,15
26.11.2016,8.2,16.9,113.4,38.2,<0.5,<0.5,<0.01,15
30.11.2016,7,13.7,102.8,35.3,<0.5,<0.5,<0.01,15
03.12.2016,8.3,16.6,35.6,11.2,<0.5,<0.5,<0.01,15
07.12.2016,9.4,21.3,118.4,36.6,<0.5,<0.5,<0.01,15
09.12.2016,8.8,17.8,93.8,28.7,<0.5,<0.5,<0.01,15
14.12.2016,8.3,18.2,60.3,18.9,<0.5,<0.5,<0.01,15
16.12.2016,8.2,16.3,56.1,17.3,<0.5,<0.5,<0.01,15
21.12.2016,9.3,17.5,85.6,23.3,<0.5,<0.5,<0.01,15
23.12.2016,8.9,17,74.6,22.8,<0.5,<0.5,<0.01,15
28.12.2016,8.7,17.8,74.1,20.8,<0.5,<0.5,<0.01,15
30.12.2016,9.3,18.7,83.5,25.6,<0.5,<0.5,<0.01,15
04.01.2017,12.1,16.7,111,35.8,<0.5,<0.5,<0.01,15
06.01.2017,10,18.3,122.2,40.1,6.7,<0.5,<0.01,15
11.01.2017,11,16,82.1,26,<0.5,<0.5,<0.01,15
13.01.2017,10.7,19.3,85.8,27.7,<0.5,<0.5,<0.01,15
18.01.2017,12.6,17.1,86.9,28.8,8.5,<0.5,<0.01,15
20.01.2017,10.5,17.4,105.2,35.1,<0.5,<0.5,<0.01,15
25.01.2017,10.5,16.7,81.2,27,<0.5,<0.5,<0.01,15
27.01.2017,10.9,16.6,85.6,27.7,<0.5,<0.5,<0.01,15
31.01.2017,11.5,19.8,78.7,26,<0.5,<0.5,<0.01,15
02.02.2017,9.8,16.8,76.7,23.9,3,<0.5,<0.01,15
05.02.2017,10.5,20.5,47.4,15.7,<0.5,<0.5,<0.01,15
08.02.2017,9.8,18.1,74.4,25.9,<0.5,<0.5,<0.01,15
10.02.2017,9.7,18.1,59.4,19.8,2.9,<0.5,<0.01,15
15.02.2017,9.2,16.9,96.2,30.5,<0.5,<0.5,<0.01,15
17.02.2017,9.8,16.7,91.4,28.8,2.7,<0.5,<0.01,15
21.02.2017,10.3,15.5,66.8,21.6,<0.5,<0.5,<0.01,15
23.02.2017,10.6,18.3,72.3,23.3,2.9,<0.5,<0.01,15
