DATE,PM10,PM2.5,SO2,NO2,*CO,O3,Pb,AQI,AIR QLTY,STATION ID,STATION NAME
01-04-2019,84,46,10,15,0.06,12,BDL,84,S,1,Assanora
04-04-2019,62,42,10,15,0.07,11,BDL,71,S,1,Assanora
08-04-2019,60,46,10,15,0.06,11,BDL,76,S,1,Assanora
11-04-2019,51,40,11,15,0.05,12,BDL,66,S,1,Assanora
15-04-2019,54,38,11,15,0.06,14,BDL,64,S,1,Assanora
18-04-2019,81,43,11,14,0.06,14,BDL,81,S,1,Assanora
22-04-2019,70,39,11,16,0.07,20,BDL,70,S,1,Assanora
25-04-2019,62,41,11,16,0.06,26,BDL,69,S,1,Assanora
29-04-2019,52,31,11,15,0.06,22,BDL,52,S,1,Assanora
02-05-2019,79,35,11,15,0.06,13,BDL,79,S,1,Assanora
07-05-2019,59,28,11,15,0.06,13,BDL,59,S,1,Assanora
09-05-2019,66,31,11,14,0.06,12,BDL,66,S,1,Assanora
13-05-2019,51,26,11,14,0.06,14,BDL,51,S,1,Assanora
16-05-2019,64,30,11,15,0.07,13,BDL,64,S,1,Assanora
20-05-2019,42,23,12,15,0.07,13,BDL,42,G,1,Assanora
23-05-2019,45,24,12,15,0.06,13,BDL,45,G,1,Assanora
27-05-2019,51,26,12,15,0.07,13,BDL,51,S,1,Assanora
30-05-2019,59,28,11,14,0.07,15,BDL,59,S,1,Assanora
04-06-2019,52,27,11,14,0.07,13,BDL,52,S,1,Assanora
06-06-2019,38,44,11,14,0.07,14,BDL,74,S,1,Assanora
10-06-2019,22,17,11,14,0.08,14,BDL,28,G,1,Assanora
13-06-2019,55,20,10,14,0.07,13,BDL,55,S,1,Assanora
17-06-2019,51,26,10,14,0.06,13,BDL,51,S,1,Assanora
20-06-2019,46,22,10,14,0.07,13,BDL,46,G,1,Assanora
24-06-2019,32,13,10,13,0.07,12,BDL,32,G,1,Assanora
27-06-2019,34,17,10,13,0.06,12,BDL,34,G,1,Assanora
01-07-2019,37,18,10,14,0.06,12,BDL,37,G,1,Assanora
04-07-2019,29,14,9,14,0.06,13,BDL,29,G,1,Assanora
08-07-2019,33,17,10,13,0.06,12,BDL,33,G,1,Assanora
11-07-2019,34,18,10,14,0.06,13,BDL,34,G,1,Assanora
15-07-2019,32,16,10,14,0.06,13,BDL,32,G,1,Assanora
18-07-2019,44,24,11,14,0.07,13,BDL,44,G,1,Assanora
22-07-2019,35,18,10,13,0.05,13,BDL,35,G,1,Assanora
25-07-2019,34,18,10,13,0.06,12,BDL,34,G,1,Assanora
29-07-2019,37,19,10,13,0.07,13,BDL,37,G,1,Assanora
01-08-2019,38,20,11,13,0.07,13,BDL,38,G,1,Assanora
05-08-2019,31,16,10,13,0.07,13,BDL,31,G,1,Assanora
08-08-2019,36,18,10,14,0.06,13,BDL,36,G,1,Assanora
12-08-2019,36,18,10,13,0.07,13,BDL,36,G,1,Assanora
16-08-2019,34,18,10,13,0.07,13,BDL,34,G,1,Assanora
19-08-2019,38,20,10,14,0.07,13,BDL,38,G,1,Assanora
22-08-2019,38,20,11,14,0.07,13,BDL,38,G,1,Assanora
26-08-2019,42,21,11,14,0.06,13,BDL,42,G,1,Assanora
29-08-2019,37,20,10,13,0.07,13,BDL,37,G,1,Assanora
02-09-2019,38,21,10,13,0.06,13,BDL,38,G,1,Assanora
05-09-2019,37,20,10,13,0.06,13,BDL,37,G,1,Assanora
09-09-2019,43,21,11,14,0.07,13,BDL,43,G,1,Assanora
12-09-2019,48,26,11,14,0.07,14,BDL,48,G,1,Assanora
16-09-2019,48,24,11,14,0.06,13,BDL,48,G,1,Assanora
19-09-2019,49,26,11,14,0.06,13,BDL,49,G,1,Assanora
23-09-2019,50,25,11,14,0.07,13,BDL,50,S,1,Assanora
26-09-2019,51,31,11,14,0.06,13,BDL,52,S,1,Assanora
30-09-2019,50,24,11,14,0.06,13,BDL,50,S,1,Assanora
03-10-2019,47,23,11,14,0.06,13,BDL,47,G,1,Assanora
07-10-2019,50,25,11,14,0.06,13,BDL,50,G,1,Assanora
10-10-2019,48,25,11,14,0.06,14,BDL,48,G,1,Assanora
14-10-2019,52,27,11,14,0.06,14,BDL,52,S,1,Assanora
17-10-2019,43,23,11,14,0.06,14,BDL,43,G,1,Assanora
21-10-2019,38,19,11,14,0.05,14,BDL,38,G,1,Assanora
24-10-2019,40,21,11,14,0.05,14,BDL,40,G,1,Assanora
28-10-2019,53,27,11,14,0.06,14,BDL,53,S,1,Assanora
31-10-2019,55,29,11,14,0.06,15,BDL,55,S,1,Assanora
04-11-2019,45,23,10,13,0.06,14,BDL,45,G,1,Assanora
07-11-2019,48,23,10,14,0.07,14,BDL,48,G,1,Assanora
11-11-2019,51,26,10,13,0.06,15,BDL,51,S,1,Assanora
14-11-2019,51,26,10,13,0.06,15,BDL,51,S,1,Assanora
18-11-2019,50,24,11,14,0.07,14,BDL,50,G,1,Assanora
21-11-2019,57,29,10,13,0.06,15,BDL,57,S,1,Assanora
25-11-2019,50,24,10,13,0.06,14,BDL,50,G,1,Assanora
28-11-2019,55,27,10,13,0.07,15,BDL,55,S,1,Assanora
02-12-2019,56,29,10,13,0.06,15,BDL,56,S,1,Assanora
05-12-2019,57,28,10,13,0.06,15,BDL,57,S,1,Assanora
09-12-2019,55,28,10,13,0.07,15,BDL,55,S,1,Assanora
12-12-2019,51,26,10,13,0.06,16,BDL,51,S,1,Assanora
16-12-2019,49,25,10,13,0.07,15,BDL,49,G,1,Assanora
20-12-2019,59,30,10,14,0.06,15,BDL,59,S,1,Assanora
23-12-2019,49,25,10,13,0.06,15,BDL,49,G,1,Assanora
26-12-2019,51,27,10,13,0.07,15,BDL,51,S,1,Assanora
30-12-2019,52,26,10,13,0.06,14,BDL,52,S,1,Assanora
02-01-2020,62,30,10,13,0.05,15,BDL,62,S,1,Assanora
06-01-2020,65,34,10,13,0.06,15,BDL,65,S,1,Assanora
09-01-2020,59,31,11,14,0.07,15,BDL,59,S,1,Assanora
15-01-2020,55,30,10,13,0.05,15,BDL,55,S,1,Assanora
17-01-2020,67,36,10,13,0.05,15,BDL,67,S,1,Assanora
20-01-2020,58,30,11,14,0.06,15,BDL,58,S,1,Assanora
23-01-2020,59,30,11,14,0.06,15,BDL,59,S,1,Assanora
27-01-2020,53,28,11,14,0.06,15,BDL,53,S,1,Assanora
30-01-2020,55,30,10,13,0.06,15,BDL,55,S,1,Assanora
03-02-2020,62,32,10,14,0.05,15,BDL,62,S,1,Assanora
06-02-2020,49,29,11,14,0.06,15,BDL,49,G,1,Assanora
10-02-2020,62,34,11,14,0.06,15,BDL,62,S,1,Assanora
13-02-2020,63,34,11,14,0.05,15,BDL,63,S,1,Assanora
17-02-2020,58,30,11,14,0.07,16,BDL,58,S,1,Assanora
20-02-2020,68,37,11,14,0.07,16,BDL,68,S,1,Assanora
24-02-2020,62,35,11,14,0.05,14,BDL,62,S,1,Assanora
27-02-2020,67,36,10,14,0.06,15,BDL,67,S,1,Assanora
02-03-2020,63,43,10,14,0.06,16,BDL,72,S,1,Assanora
05-03-2020,48,29,11,15,0.06,15,BDL,49,G,1,Assanora
09-03-2020,51,34,10,15,0.06,15,BDL,57,S,1,Assanora
12-03-2020,51,34,11,15,0.05,15,BDL,57,S,1,Assanora
16-03-2020,49,30,11,15,0.07,16,BDL,51,S,1,Assanora
19-03-2020,68,37,11,14,0.07,16,BDL,68,S,1,Assanora
02-04-2019,71,35,10,15,0.08,12,BDL,71,S,2,Amona
05-04-2019,78,50,11,15,0.08,12,BDL,83,S,2,Amona
09-04-2019,75,46,11,14,0.08,13,BDL,77,S,2,Amona
12-04-2019,61,46,10,14,0.07,11,BDL,76,S,2,Amona
16-04-2019,77,42,10,14,0.08,14,BDL,77,S,2,Amona
19-04-2019,158,63,11,15,0.08,27,BDL,139,M,2,Amona
23-04-2019,114,66,11,15,0.08,22,BDL,119,M,2,Amona
26-04-2019,59,33,12,15,0.06,25,BDL,59,S,2,Amona
30-04-2019,60,35,12,16,0.05,19,BDL,60,S,2,Amona
03-05-2019,137,46,11,14,0.07,13,BDL,125,M,2,Amona
07-05-2019,100,34,12,15,0.07,14,BDL,100,M,2,Amona
10-05-2019,137,48,12,14,0.06,14,BDL,125,M,2,Amona
14-05-2019,68,34,11,14,0.07,13,BDL,68,S,2,Amona
17-05-2019,85,42,12,14,0.07,13,BDL,85,S,2,Amona
21-05-2019,68,32,12,14,0.07,13,BDL,68,S,2,Amona
24-05-2019,94,47,11,15,0.08,13,BDL,94,S,2,Amona
28-05-2019,89,39,12,15,0.07,13,BDL,89,S,2,Amona
30-05-2019,117,30,12,15,0.07,14,BDL,111,M,2,Amona
04-06-2019,90,46,11,14,0.08,14,BDL,90,S,2,Amona
07-06-2019,71,31,11,14,0.08,14,BDL,71,S,2,Amona
11-06-2019,39,23,10,14,0.08,13,BDL,39,G,2,Amona
14-06-2019,38,20,9,13,0.06,12,BDL,38,G,2,Amona
18-06-2019,38,20,10,13,0.07,12,BDL,38,G,2,Amona
21-06-2019,42,23,10,14,0.06,13,BDL,42,G,2,Amona
25-06-2019,51,26,11,14,0.07,13,BDL,51,S,2,Amona
28-06-2019,34,16,10,13,0.06,11,BDL,34,G,2,Amona
02-07-2019,38,18,9,14,0.06,12,BDL,38,G,2,Amona
05-07-2019,32,16,9,13,0.05,12,BDL,32,G,2,Amona
09-07-2019,36,18,9,13,0.05,12,BDL,36,G,2,Amona
12-07-2019,39,20,10,13,0.06,13,BDL,39,G,2,Amona
16-07-2019,34,18,10,13,0.06,12,BDL,34,G,2,Amona
19-07-2019,39,20,10,14,0.06,13,BDL,39,G,2,Amona
23-07-2019,36,21,10,13,0.07,13,BDL,36,G,2,Amona
26-07-2019,36,19,10,13,0.07,12,BDL,36,G,2,Amona
30-07-2019,35,17,10,13,0.06,13,BDL,35,G,2,Amona
03-08-2019,37,19,10,13,0.07,13,BDL,37,G,2,Amona
06-08-2019,32,16,10,13,0.06,13,BDL,32,G,2,Amona
09-08-2019,34,17,10,13,0.06,13,BDL,34,G,2,Amona
13-08-2019,38,19,10,13,0.07,13,BDL,38,G,2,Amona
16-08-2019,35,18,10,13,0.07,13,BDL,35,G,2,Amona
20-08-2019,35,18,10,13,0.07,13,BDL,35,G,2,Amona
23-08-2019,37,19,10,13,0.06,13,BDL,37,G,2,Amona
27-08-2019,48,29,11,14,0.07,13,BDL,48,G,2,Amona
30-08-2019,39,20,10,13,0.06,13,BDL,39,G,2,Amona
03-09-2019,38,20,10,14,0.07,13,BDL,38,G,2,Amona
07-09-2019,43,23,11,14,0.07,13,BDL,43,G,2,Amona
10-09-2019,42,20,10,14,0.06,13,BDL,42,G,2,Amona
13-09-2019,47,23,11,14,0.05,13,BDL,47,G,2,Amona
17-09-2019,47,24,11,14,0.05,13,BDL,47,G,2,Amona
20-09-2019,47,22,11,14,0.05,13,BDL,47,G,2,Amona
24-09-2019,51,31,11,14,0.06,13,BDL,52,S,2,Amona
27-09-2019,56,26,11,14,0.06,13,BDL,56,S,2,Amona
01-10-2019,64,31,11,14,0.06,14,BDL,64,S,2,Amona
04-10-2019,58,32,11,14,0.07,13,BDL,58,S,2,Amona
08-10-2019,61,29,11,14,0.06,14,BDL,61,S,2,Amona
11-10-2019,64,34,11,14,0.06,14,BDL,64,S,2,Amona
15-10-2019,51,26,11,14,0.06,14,BDL,51,S,2,Amona
18-10-2019,50,25,11,14,0.06,14,BDL,50,S,2,Amona
22-10-2019,48,25,11,14,0.06,14,BDL,48,G,2,Amona
25-10-2019,47,24,10,14,0.06,14,BDL,47,G,2,Amona
29-10-2019,55,27,11,14,0.05,14,BDL,55,S,2,Amona
01-11-2019,61,33,10,13,0.05,14,BDL,61,S,2,Amona
05-11-2019,61,31,10,14,0.08,15,BDL,61,S,2,Amona
09-11-2019,65,29,11,14,0.06,15,BDL,65,S,2,Amona
12-11-2019,58,30,11,14,0.07,15,BDL,58,S,2,Amona
15-11-2019,56,28,11,14,0.07,15,BDL,56,S,2,Amona
19-11-2019,60,31,10,13,0.07,14,BDL,60,S,2,Amona
22-11-2019,53,27,10,13,0.06,14,BDL,53,S,2,Amona
26-11-2019,54,27,10,14,0.06,14,BDL,54,S,2,Amona
29-11-2019,59,29,10,13,0.06,15,BDL,59,S,2,Amona
03-12-2019,53,27,10,13,0.06,15,BDL,53,S,2,Amona
06-12-2019,60,30,10,13,0.06,17,BDL,60,S,2,Amona
10-12-2019,62,32,10,14,0.06,15,BDL,62,S,2,Amona
13-12-2019,58,30,11,14,0.07,16,BDL,58,S,2,Amona
17-12-2019,55,28,11,14,0.07,15,BDL,55,S,2,Amona
20-12-2019,65,32,10,13,0.07,15,BDL,65,S,2,Amona
24-12-2019,55,27,10,13,0.08,15,BDL,55,S,2,Amona
27-12-2019,50,25,11,14,0.06,15,BDL,50,S,2,Amona
31-12-2019,54,28,11,14,0.06,15,BDL,54,S,2,Amona
03-01-2020,66,34,10,13,0.05,15,BDL,66,S,2,Amona
07-01-2020,65,32,10,14,0.06,15,BDL,65,S,2,Amona
10-01-2020,68,36,11,14,0.07,15,BDL,68,S,2,Amona
14-01-2020,60,31,11,14,0.07,15,BDL,60,S,2,Amona
17-01-2020,55,28,11,14,0.05,16,BDL,55,S,2,Amona
21-01-2020,58,31,10,14,0.06,15,BDL,58,S,2,Amona
24-01-2020,62,31,10,13,0.05,15,BDL,62,S,2,Amona
28-01-2020,72,35,11,14,0.06,15,BDL,72,S,2,Amona
31-01-2020,60,30,11,14,0.06,15,BDL,60,S,2,Amona
04-02-2020,65,34,11,14,0.05,15,BDL,65,S,2,Amona
08-02-2020,63,32,11,14,0.07,15,BDL,63,S,2,Amona
11-02-2020,60,30,10,14,0.06,15,BDL,60,S,2,Amona
14-02-2020,77,35,11,14,0.07,15,BDL,77,S,2,Amona
18-02-2020,60,32,11,14,0.07,16,BDL,60,S,2,Amona
22-02-2020,66,34,11,14,0.06,16,BDL,66,S,2,Amona
25-02-2020,80,35,11,14,0.05,15,BDL,80,S,2,Amona
28-02-2020,77,35,10,14,0.05,15,BDL,77,S,2,Amona
03-03-2020,70,39,11,15,0.07,14,BDL,70,S,2,Amona
06-03-2020,64,40,11,15,0.07,16,BDL,67,S,2,Amona
10-03-2020,66,39,11,15,0.07,14,BDL,66,S,2,Amona
13-03-2020,56,35,11,14,0.07,14,BDL,59,S,2,Amona
17-03-2020,61,35,11,14,0.06,15,BDL,61,S,2,Amona
20-03-2020,72,39,10,14,0.07,14,BDL,72,S,2,Amona
03-04-2019,55,44,11,15,0.07,14,BDL,74,S,3,Margao
06-04-2019,69,35,11,15,0.06,13,BDL,69,S,3,Margao
10-04-2019,48,30,10,14,0.07,14,BDL,49,G,3,Margao
13-04-2019,49,18,11,15,0.07,16,BDL,49,G,3,Margao
17-04-2019,66,29,10,15,0.07,13,BDL,66,S,3,Margao
19-04-2019,50,40,11,16,0.07,18,BDL,67,S,3,Margao
24-04-2019,49,27,11,16,0.07,19,BDL,49,G,3,Margao
27-04-2019,52,28,11,15,0.07,20,BDL,52,S,3,Margao
01-05-2019,52,33,12,16,0.08,20,BDL,56,S,3,Margao
04-05-2019,72,30,12,16,0.07,20,BDL,72,S,3,Margao
08-05-2019,42,16,12,15,0.07,22,BDL,42,G,3,Margao
11-05-2019,47,18,13,15,0.07,23,BDL,47,G,3,Margao
15-05-2019,198,22,11,16,0.07,13,BDL,165,M,3,Margao
18-05-2019,45,23,11,14,0.07,13,BDL,45,G,3,Margao
22-05-2019,32,15,10,14,0.07,13,BDL,32,G,3,Margao
25-05-2019,46,24,10,14,0.07,14,BDL,46,G,3,Margao
29-05-2019,41,20,11,14,0.07,13,BDL,41,G,3,Margao
01-06-2019,56,27,11,14,0.07,13,BDL,56,S,3,Margao
05-06-2019,60,29,11,14,0.07,13,BDL,60,S,3,Margao
08-06-2019,53,26,11,14,0.07,13,BDL,53,S,3,Margao
12-06-2019,39,20,10,13,0.06,12,BDL,39,G,3,Margao
16-06-2019,47,22,10,14,0.07,12,BDL,47,G,3,Margao
19-06-2019,38,19,10,13,0.07,12,BDL,38,G,3,Margao
22-06-2019,35,17,10,13,0.07,12,BDL,35,G,3,Margao
26-06-2019,31,15,9,13,0.06,12,BDL,31,G,3,Margao
29-06-2019,31,16,10,13,0.07,13,BDL,31,G,3,Margao
04-07-2019,34,18,9,13,0.06,13,BDL,34,G,3,Margao
06-07-2019,34,18,9,13,0.06,13,BDL,34,G,3,Margao
10-07-2019,34,16,10,14,0.06,13,BDL,34,G,3,Margao
13-07-2019,34,18,10,14,0.06,13,BDL,34,G,3,Margao
17-07-2019,34,18,10,13,0.06,13,BDL,34,G,3,Margao
20-07-2019,36,18,10,13,0.06,13,BDL,36,G,3,Margao
24-07-2019,36,18,10,13,0.06,13,BDL,36,G,3,Margao
27-07-2019,37,20,10,13,0.07,13,BDL,37,G,3,Margao
31-07-2019,32,18,10,14,0.07,13,BDL,32,G,3,Margao
03-08-2019,34,17,10,13,0.07,13,BDL,34,G,3,Margao
07-08-2019,34,20,10,13,0.06,13,BDL,34,G,3,Margao
10-08-2019,35,18,10,13,0.07,13,BDL,35,G,3,Margao
14-08-2019,36,19,10,13,0.06,13,BDL,36,G,3,Margao
17-08-2019,35,18,10,13,0.06,13,BDL,35,G,3,Margao
21-08-2019,36,19,10,13,0.06,13,BDL,36,G,3,Margao
24-08-2019,36,18,10,13,0.07,13,BDL,36,G,3,Margao
28-08-2019,38,21,11,14,0.06,13,BDL,38,G,3,Margao
31-08-2019,37,19,11,14,0.07,13,BDL,37,G,3,Margao
05-09-2019,38,19,11,14,0.07,13,BDL,38,G,3,Margao
07-09-2019,39,18,11,14,0.06,13,BDL,39,G,3,Margao
11-09-2019,44,23,11,14,0.05,13,BDL,44,G,3,Margao
14-09-2019,47,23,11,14,0.05,13,BDL,47,G,3,Margao
18-09-2019,46,28,11,14,0.06,13,BDL,47,G,3,Margao
21-09-2019,44,21,10,13,0.05,13,BDL,44,G,3,Margao
25-09-2019,52,32,12,15,0.07,13,BDL,53,S,3,Margao
27-09-2019,55,27,11,14,0.05,13,BDL,55,S,3,Margao
01-10-2019,45,23,11,14,0.05,13,BDL,45,G,3,Margao
05-10-2019,42,23,11,14,0.06,13,BDL,42,G,3,Margao
09-10-2019,51,26,11,14,0.07,13,BDL,51,S,3,Margao
12-10-2019,50,25,11,14,0.06,14,BDL,50,G,3,Margao
16-10-2019,51,24,11,14,0.05,14,BDL,51,S,3,Margao
19-10-2019,52,26,11,14,0.06,14,BDL,52,S,3,Margao
23-10-2019,47,25,11,14,0.07,14,BDL,47,G,3,Margao
26-10-2019,59,28,11,14,0.06,14,BDL,59,S,3,Margao
30-10-2019,52,27,10,13,0.05,15,BDL,52,S,3,Margao
02-11-2019,53,27,9,13,0.05,14,BDL,53,S,3,Margao
06-11-2019,50,25,10,13,0.06,14,BDL,50,G,3,Margao
08-11-2019,48,24,11,14,0.05,14,BDL,48,G,3,Margao
13-11-2019,56,27,11,14,0.06,15,BDL,56,S,3,Margao
16-11-2019,50,25,11,14,0.05,14,BDL,50,G,3,Margao
20-11-2019,55,29,10,13,0.06,15,BDL,55,S,3,Margao
23-11-2019,51,26,10,13,0.06,15,BDL,51,S,3,Margao
27-11-2019,52,28,10,13,0.06,15,BDL,52,S,3,Margao
30-11-2019,55,27,11,14,0.06,15,BDL,55,S,3,Margao
04-12-2019,54,28,10,13,0.06,15,BDL,54,S,3,Margao
07-12-2019,55,29,10,13,0.06,15,BDL,55,S,3,Margao
11-12-2019,48,25,11,14,0.05,16,BDL,48,G,3,Margao
14-12-2019,56,27,11,14,0.06,16,BDL,56,S,3,Margao
18-12-2019,50,24,11,14,0.05,15,BDL,50,S,3,Margao
21-12-2019,50,26,10,13,0.06,15,BDL,50,G,3,Margao
24-12-2019,50,25,10,13,0.06,15,BDL,50,S,3,Margao
28-12-2019,52,28,10,13,0.05,15,BDL,52,S,3,Margao
01-01-2020,46,24,10,13,0.05,15,BDL,46,G,3,Margao
04-01-2020,55,28,10,13,0.05,15,BDL,55,S,3,Margao
08-01-2020,58,30,11,14,0.06,15,BDL,58,S,3,Margao
11-01-2020,57,30,11,14,0.06,15,BDL,57,S,3,Margao
15-01-2020,46,26,10,13,0.05,15,BDL,46,G,3,Margao
18-01-2020,62,34,10,14,0.06,15,BDL,62,S,3,Margao
22-01-2020,58,31,10,13,0.05,15,BDL,58,S,3,Margao
25-01-2020,61,30,10,13,0.05,14,BDL,61,S,3,Margao
29-01-2020,51,25,11,14,0.05,15,BDL,51,S,3,Margao
01-02-2020,68,24,10,14,0.05,15,BDL,68,S,3,Margao
05-02-2020,64,28,11,14,0.06,15,BDL,64,S,3,Margao
08-02-2020,57,30,11,14,0.06,15,BDL,57,S,3,Margao
12-02-2020,71,37,10,14,0.06,15,BDL,71,S,3,Margao
15-02-2020,69,33,11,14,0.07,15,BDL,69,S,3,Margao
19-02-2020,73,34,11,14,0.05,14,BDL,73,S,3,Margao
22-02-2020,65,30,11,14,0.05,16,BDL,65,S,3,Margao
26-02-2020,85,42,11,14,0.06,14,BDL,85,S,3,Margao
29-02-2020,63,42,11,14,0.05,15,BDL,69,S,3,Margao
04-03-2020,59,30,11,15,0.07,14,BDL,59,S,3,Margao
07-03-2020,62,23,11,15,0.06,15,BDL,62,S,3,Margao
11-03-2020,61,25,10,14,0.07,14,BDL,61,S,3,Margao
14-03-2020,60,27,11,14,0.07,16,BDL,60,S,3,Margao
18-03-2020,62,35,10,14,0.07,13,BDL,62,S,3,Margao
21-03-2020,61,27,11,14,0.07,16,BDL,61,S,3,Margao
02-04-2019,55,27,11,15,0.06,12,BDL,55,S,4,Ponda
05-04-2019,106,41,11,15,0.06,14,BDL,104,M,4,Ponda
09-04-2019,73,28,10,15,0.06,11,BDL,73,S,4,Ponda
12-04-2019,203,44,10,15,0.07,12,BDL,169,M,4,Ponda
16-04-2019,126,25,10,15,0.07,14,BDL,117,M,4,Ponda
19-04-2019,78,34,11,15,0.08,17,BDL,78,S,4,Ponda
23-04-2019,80,31,11,16,0.07,18,BDL,80,S,4,Ponda
26-04-2019,90,26,11,16,0.07,18,BDL,90,S,4,Ponda
30-04-2019,93,33,11,16,0.07,19,BDL,93,S,4,Ponda
03-05-2019,87,39,12,15,0.07,19,BDL,87,S,4,Ponda
07-05-2019,55,27,12,15,0.06,13,BDL,55,S,4,Ponda
10-05-2019,58,21,12,15,0.07,13,BDL,58,S,4,Ponda
14-05-2019,41,19,12,15,0.07,20,BDL,41,G,4,Ponda
17-05-2019,47,26,11,15,0.07,15,BDL,47,G,4,Ponda
21-05-2019,47,27,12,15,0.07,14,BDL,47,G,4,Ponda
24-05-2019,76,20,11,15,0.06,23,BDL,76,S,4,Ponda
28-05-2019,74,29,11,15,0.07,17,BDL,74,S,4,Ponda
31-05-2019,54,30,12,14,0.06,13,BDL,54,S,4,Ponda
04-06-2019,61,19,11,13,0.07,19,BDL,61,S,4,Ponda
08-06-2019,51,30,11,13,0.08,13,BDL,51,S,4,Ponda
11-06-2019,32,20,10,13,0.06,13,BDL,34,G,4,Ponda
14-06-2019,31,16,10,12,0.06,20,BDL,31,G,4,Ponda
18-06-2019,47,24,10,13,0.07,15,BDL,47,G,4,Ponda
21-06-2019,35,18,10,13,0.07,14,BDL,35,G,4,Ponda
25-06-2019,52,26,10,13,0.06,23,BDL,52,S,4,Ponda
28-06-2019,32,17,9,12,0.06,17,BDL,32,S,4,Ponda
02-07-2019,35,17,10,14,0.07,12,BDL,35,G,4,Ponda
05-07-2019,32,18,9,14,0.08,12,BDL,32,G,4,Ponda
09-07-2019,34,18,10,13,0.06,12,BDL,34,G,4,Ponda
12-07-2019,36,21,9,14,0.06,12,BDL,36,G,4,Ponda
16-07-2019,33,18,10,13,0.07,13,BDL,33,G,4,Ponda
20-07-2019,35,18,10,13,0.07,13,BDL,35,G,4,Ponda
23-07-2019,37,22,10,13,0.06,13,BDL,37,G,4,Ponda
26-07-2019,37,19,10,13,0.06,13,BDL,37,G,4,Ponda
30-07-2019,36,19,10,13,0.06,13,BDL,36,G,4,Ponda
02-08-2019,32,17,10,13,0.06,13,BDL,32,G,4,Ponda
06-08-2019,34,18,10,13,0.07,13,BDL,34,G,4,Ponda
09-08-2019,36,19,10,13,0.07,13,BDL,36,G,4,Ponda
14-08-2019,36,19,10,13,0.06,12,BDL,36,G,4,Ponda
18-08-2019,36,20,10,13,0.06,13,BDL,36,G,4,Ponda
21-08-2019,37,19,10,13,0.07,13,BDL,37,G,4,Ponda
25-08-2019,36,18,10,13,0.06,13,BDL,36,G,4,Ponda
28-08-2019,37,20,10,14,0.06,12,BDL,37,G,4,Ponda
30-08-2019,35,18,11,14,0.06,13,BDL,35,G,4,Ponda
02-09-2019,37,20,10,14,0.06,13,BDL,37,G,4,Ponda
05-09-2019,38,19,11,14,0.07,13,BDL,38,G,4,Ponda
10-09-2019,42,20,10,13,0.07,13,BDL,42,G,4,Ponda
13-09-2019,47,24,11,14,0.06,13,BDL,47,G,4,Ponda
17-09-2019,44,23,11,14,0.06,13,BDL,44,G,4,Ponda
20-09-2019,48,24,10,14,0.06,13,BDL,48,G,4,Ponda
24-09-2019,53,31,11,14,0.06,14,BDL,53,S,4,Ponda
27-09-2019,55,26,11,14,0.05,13,BDL,55,S,4,Ponda
01-10-2019,43,23,11,14,0.05,14,BDL,43,G,4,Ponda
04-10-2019,53,24,11,14,0.07,14,BDL,53,S,4,Ponda
07-10-2019,61,31,11,14,0.06,13,BDL,61,S,4,Ponda
11-10-2019,60,29,11,14,0.07,13,BDL,60,S,4,Ponda
15-10-2019,53,26,11,14,0.06,14,BDL,53,S,4,Ponda
18-10-2019,46,25,11,14,0.06,14,BDL,46,G,4,Ponda
22-10-2019,54,27,11,14,0.07,14,BDL,54,S,4,Ponda
26-10-2019,55,29,11,14,0.05,15,BDL,55,S,4,Ponda
29-10-2019,65,34,11,14,0.06,14,BDL,65,S,4,Ponda
01-11-2019,51,25,10,13,0.06,15,BDL,51,S,4,Ponda
05-11-2019,60,29,10,14,0.08,15,BDL,60,S,4,Ponda
08-11-2019,59,32,11,14,0.06,15,BDL,59,S,4,Ponda
12-11-2019,50,25,10,13,0.06,15,BDL,50,S,4,Ponda
15-11-2019,54,27,10,13,0.05,14,BDL,54,S,4,Ponda
19-11-2019,56,28,10,13,0.05,15,BDL,56,S,4,Ponda
22-11-2019,62,32,10,13,0.06,15,BDL,62,S,4,Ponda
26-11-2019,55,28,10,13,0.06,15,BDL,55,S,4,Ponda
29-11-2019,58,30,10,13,0.05,15,BDL,58,S,4,Ponda
03-12-2019,57,30,10,13,0.06,16,BDL,57,S,4,Ponda
06-12-2019,57,28,10,13,0.07,16,BDL,57,S,4,Ponda
10-12-2019,56,30,11,14,0.07,14,BDL,56,S,4,Ponda
12-12-2019,50,25,10,13,0.05,15,BDL,50,S,4,Ponda
17-12-2019,49,26,10,13,0.05,15,BDL,49,G,4,Ponda
21-12-2019,58,30,10,13,0.05,15,BDL,58,S,4,Ponda
24-12-2019,60,30,10,13,0.06,15,BDL,60,S,4,Ponda
27-12-2019,51,27,10,13,0.05,15,BDL,51,S,4,Ponda
31-12-2019,49,26,10,13,0.06,15,BDL,49,G,4,Ponda
03-01-2020,59,31,10,13,0.06,15,BDL,59,S,4,Ponda
07-01-2020,61,33,11,14,0.05,15,BDL,61,S,4,Ponda
10-01-2020,64,33,11,14,0.06,15,BDL,64,S,4,Ponda
14-01-2020,68,32,11,14,0.05,15,BDL,68,S,4,Ponda
17-01-2020,60,29,11,14,0.05,15,BDL,60,S,4,Ponda
22-01-2020,62,30,10,14,0.05,15,BDL,62,S,4,Ponda
24-01-2020,54,29,10,13,0.05,15,BDL,54,S,4,Ponda
28-01-2020,57,29,10,13,0.05,15,BDL,57,S,4,Ponda
31-01-2020,61,31,11,14,0.05,15,BDL,61,S,4,Ponda
05-02-2020,75,40,11,14,0.06,15,BDL,75,S,4,Ponda
07-02-2020,70,36,10,14,0.06,15,BDL,70,S,4,Ponda
11-02-2020,74,37,10,13,0.05,15,BDL,74,S,4,Ponda
14-02-2020,67,35,11,14,0.06,15,BDL,67,S,4,Ponda
18-02-2020,62,31,11,14,0.08,16,BDL,62,S,4,Ponda
21-02-2020,81,41,11,14,0.06,15,BDL,81,S,4,Ponda
25-02-2020,85,36,11,14,0.05,16,BDL,85,S,4,Ponda
28-02-2020,81,38,11,14,0.05,15,BDL,81,S,4,Ponda
02-03-2020,51,38,10,15,0.06,14,BDL,64,S,4,Ponda
06-03-2020,63,30,11,15,0.06,14,BDL,63,S,4,Ponda
10-03-2020,57,21,10,14,0.06,15,BDL,57,S,4,Ponda
13-03-2020,52,26,10,14,0.07,15,BDL,52,S,4,Ponda
17-03-2020,63,41,11,13,0.07,14,BDL,68,S,4,Ponda
20-03-2020,52,25,11,14,0.78,16,BDL,52,S,4,Ponda
03-04-2019,51,25,10,15,0.07,13,BDL,51,S,5,Sanguem
06-04-2019,47,20,10,15,0.07,13,BDL,47,G,5,Sanguem
10-04-2019,47,23,11,15,0.08,12,BDL,47,G,5,Sanguem
12-04-2019,43,30,10,15,0.07,14,BDL,49,G,5,Sanguem
17-04-2019,47,35,10,15,0.07,13,BDL,58,S,5,Sanguem
20-04-2019,47,25,11,16,0.07,19,BDL,47,G,5,Sanguem
24-04-2019,50,25,11,16,0.07,20,BDL,50,G,5,Sanguem
27-04-2019,56,22,11,15,0.08,18,BDL,56,S,5,Sanguem
01-05-2019,58,22,11,14,0.06,20,BDL,58,S,5,Sanguem
04-05-2019,94,27,11,15,0.07,18,BDL,94,S,5,Sanguem
08-05-2019,74,40,11,16,0.07,20,BDL,74,S,5,Sanguem
10-05-2019,49,29,12,15,0.06,25,BDL,49,G,5,Sanguem
15-05-2019,144,46,11,15,0.07,19,BDL,129,M,5,Sanguem
18-05-2019,50,20,11,15,0.07,14,BDL,50,G,5,Sanguem
22-05-2019,39,17,11,14,0.07,14,BDL,39,G,5,Sanguem
25-05-2019,40,20,11,14,0.06,13,BDL,40,G,5,Sanguem
29-05-2019,63,26,11,15,0.07,14,BDL,63,S,5,Sanguem
01-06-2019,66,35,10,12,0.07,13,BDL,66,S,5,Sanguem
05-06-2019,62,32,11,14,0.07,13,BDL,62,S,5,Sanguem
09-06-2019,69,30,11,14,0.07,13,BDL,69,S,5,Sanguem
13-06-2019,33,16,10,13,0.06,12,BDL,33,G,5,Sanguem
15-06-2019,37,16,9,13,0.06,12,BDL,37,G,5,Sanguem
19-06-2019,37,18,10,13,0.06,12,BDL,37,G,5,Sanguem
22-06-2019,32,17,10,13,0.06,12,BDL,32,G,5,Sanguem
26-06-2019,36,17,9,14,0.06,12,BDL,36,G,5,Sanguem
29-06-2019,35,18,9,13,0.06,12,BDL,35,G,5,Sanguem
03-07-2019,33,15,10,13,0.06,12,BDL,33,G,5,Sanguem
06-07-2019,37,19,10,14,0.07,12,BDL,37,G,5,Sanguem
10-07-2019,36,20,10,13,0.06,13,BDL,36,G,5,Sanguem
13-07-2019,33,17,10,13,0.06,12,BDL,33,G,5,Sanguem
17-07-2019,37,21,10,13,0.07,13,BDL,37,G,5,Sanguem
20-07-2019,36,18,10,13,0.05,13,BDL,36,G,5,Sanguem
24-07-2019,33,16,10,13,0.05,13,BDL,33,G,5,Sanguem
27-07-2019,37,20,10,13,0.07,13,BDL,37,G,5,Sanguem
31-07-2019,34,18,10,13,0.06,13,BDL,34,G,5,Sanguem
03-08-2019,33,16,10,14,0.07,12,BDL,33,G,5,Sanguem
07-08-2019,35,19,10,13,0.07,13,BDL,35,G,5,Sanguem
09-08-2019,34,18,10,13,0.06,13,BDL,34,G,5,Sanguem
14-08-2019,37,19,10,13,0.07,13,BDL,37,G,5,Sanguem
17-08-2019,36,18,10,13,0.07,13,BDL,36,G,5,Sanguem
21-08-2019,38,21,10,14,0.06,13,BDL,38,G,5,Sanguem
24-08-2019,37,20,11,14,0.06,13,BDL,37,G,5,Sanguem
28-08-2019,35,22,10,14,0.06,13,BDL,37,G,5,Sanguem
31-08-2019,37,20,11,14,0.07,13,BDL,37,G,5,Sanguem
04-09-2019,37,20,11,14,0.06,13,BDL,37,G,5,Sanguem
08-09-2019,42,23,11,14,0.07,13,BDL,42,G,5,Sanguem
11-09-2019,43,21,11,14,0.06,13,BDL,43,G,5,Sanguem
14-09-2019,41,20,11,14,0.05,13,BDL,41,G,5,Sanguem
18-09-2019,48,23,11,14,0.06,13,BDL,48,G,5,Sanguem
21-09-2019,46,23,10,14,0.06,13,BDL,46,G,5,Sanguem
25-09-2019,52,33,12,15,0.06,13,BDL,55,S,5,Sanguem
28-09-2019,53,23,11,14,0.06,13,BDL,53,S,5,Sanguem
02-10-2019,49,29,11,14,0.05,13,BDL,49,G,5,Sanguem
05-10-2019,51,24,11,14,0.06,14,BDL,51,S,5,Sanguem
09-10-2019,54,29,11,14,0.05,14,BDL,54,S,5,Sanguem
12-10-2019,48,25,11,14,0.06,14,BDL,48,G,5,Sanguem
16-10-2019,55,27,11,14,0.05,14,BDL,55,S,5,Sanguem
19-10-2019,43,22,10,13,0.05,14,BDL,43,G,5,Sanguem
23-10-2019,42,22,11,14,0.07,14,BDL,42,G,5,Sanguem
26-10-2019,45,23,11,14,0.06,14,BDL,45,G,5,Sanguem
30-10-2019,52,27,10,13,0.05,14,BDL,52,S,5,Sanguem
02-11-2019,40,20,10,13,0.06,14,BDL,40,S,5,Sanguem
06-11-2019,42,21,10,13,0.05,14,BDL,42,G,5,Sanguem
08-11-2019,53,28,10,13,0.05,14,BDL,53,S,5,Sanguem
13-11-2019,44,24,11,14,0.06,15,BDL,44,G,5,Sanguem
16-11-2019,46,23,10,14,0.05,15,BDL,46,G,5,Sanguem
20-11-2019,50,26,10,13,0.06,14,BDL,50,S,5,Sanguem
23-11-2019,47,25,10,13,0.07,15,BDL,47,S,5,Sanguem
28-11-2019,53,26,11,14,0.07,15,BDL,53,S,5,Sanguem
30-11-2019,58,30,10,14,0.06,15,BDL,58,S,5,Sanguem
04-12-2019,51,26,11,14,0.07,15,BDL,51,S,5,Sanguem
07-12-2019,52,27,10,13,0.06,15,BDL,52,S,5,Sanguem
12-12-2019,50,27,10,13,0.06,15,BDL,50,G,5,Sanguem
14-12-2019,48,25,10,13,0.06,15,BDL,48,G,5,Sanguem
18-12-2019,51,25,10,13,0.06,15,BDL,51,S,5,Sanguem
21-12-2019,45,28,10,13,0.06,15,BDL,47,G,5,Sanguem
25-12-2019,51,25,10,13,0.07,15,BDL,51,S,5,Sanguem
28-12-2019,53,26,11,14,0.06,15,BDL,53,S,5,Sanguem
01-01-2020,54,32,10,13,0.05,15,BDL,54,S,5,Sanguem
04-01-2020,58,29,10,13,0.05,15,BDL,58,S,5,Sanguem
08-01-2020,57,32,10,13,0.06,15,BDL,57,S,5,Sanguem
11-01-2020,47,27,10,13,0.05,15,BDL,47,G,5,Sanguem
15-01-2020,54,31,10,13,0.05,15,BDL,54,S,5,Sanguem
18-01-2020,58,27,11,14,0.06,15,BDL,58,S,5,Sanguem
22-01-2020,60,32,10,14,0.05,15,BDL,60,S,5,Sanguem
25-01-2020,58,27,11,14,0.06,15,BDL,58,S,5,Sanguem
29-01-2020,49,27,10,14,0.06,15,BDL,49,G,5,Sanguem
01-02-2020,60,32,10,14,0.05,15,BDL,60,S,5,Sanguem
05-02-2020,51,28,11,14,0.06,15,BDL,51,S,5,Sanguem
07-02-2020,66,34,11,14,0.06,15,BDL,66,S,5,Sanguem
12-02-2020,51,30,11,14,0.05,15,BDL,51,S,5,Sanguem
15-02-2020,64,34,11,14,0.06,15,BDL,64,S,5,Sanguem
19-02-2020,67,33,11,14,0.07,15,BDL,67,S,5,Sanguem
22-02-2020,65,23,10,14,0.05,14,BDL,65,S,5,Sanguem
26-02-2020,66,30,10,14,0.05,15,BDL,66,S,5,Sanguem
29-02-2020,57,24,10,14,0.05,15,BDL,57,S,5,Sanguem
04-03-2020,55,30,11,14,0.07,13,BDL,55,S,5,Sanguem
07-03-2020,48,35,11,14,0.07,13,BDL,59,S,5,Sanguem
11-03-2020,46,19,11,14,0.06,15,BDL,46,G,5,Sanguem
14-03-2020,41,32,10,14,0.07,13,BDL,53,S,5,Sanguem
18-03-2020,62,28,10,14,0.06,15,BDL,62,S,5,Sanguem
21-03-2020,65,42,11,14,0.07,15,BDL,71,S,5,Sanguem
03-04-2019,80,32,10,15,0.06,14,BDL,80,S,6,Quepem Tilamol
06-04-2019,62,27,11,15,0.07,14,BDL,62,S,6,Quepem Tilamol
10-04-2019,74,46,10,15,0.06,15,BDL,76,S,6,Quepem Tilamol
13-04-2019,80,35,10,14,0.06,16,BDL,80,S,6,Quepem Tilamol
17-04-2019,89,25,10,15,0.07,17,BDL,89,S,6,Quepem Tilamol
20-04-2019,88,29,11,15,0.08,18,BDL,88,S,6,Quepem Tilamol
24-04-2019,72,28,11,16,0.07,16,BDL,72,S,6,Quepem Tilamol
27-04-2019,56,28,11,16,0.06,17,BDL,56,S,6,Quepem Tilamol
01-05-2019,70,40,11,15,0.07,14,BDL,70,S,6,Quepem Tilamol
04-05-2019,102,55,12,15,0.07,14,BDL,102,M,6,Quepem Tilamol
08-05-2019,94,60,11,15,0.06,12,BDL,99,S,6,Quepem Tilamol
11-05-2019,57,35,11,14,0.06,13,BDL,58,S,6,Quepem Tilamol
15-05-2019,56,32,11,15,0.07,14,BDL,56,S,6,Quepem Tilamol
18-05-2019,72,37,11,14,0.06,15,BDL,72,S,6,Quepem Tilamol
22-05-2019,61,41,11,15,0.05,11,BDL,68,S,6,Quepem Tilamol
25-05-2019,66,27,12,14,0.07,14,BDL,66,S,6,Quepem Tilamol
29-05-2019,46,23,12,16,0.07,13,BDL,46,G,6,Quepem Tilamol
01-06-2019,69,39,11,14,0.07,14,BDL,69,S,6,Quepem Tilamol
05-06-2019,51,26,12,14,0.07,13,BDL,51,S,6,Quepem Tilamol
08-06-2019,53,26,11,14,0.06,13,BDL,53,S,6,Quepem Tilamol
12-06-2019,29,15,10,13,0.07,12,BDL,29,G,6,Quepem Tilamol
15-06-2019,32,19,10,13,0.06,11,BDL,32,G,6,Quepem Tilamol
19-06-2019,43,23,11,13,0.07,12,BDL,43,G,6,Quepem Tilamol
22-06-2019,32,16,10,13,0.07,11,BDL,32,G,6,Quepem Tilamol
26-06-2019,42,22,10,14,0.07,11,BDL,42,G,6,Quepem Tilamol
29-06-2019,40,22,10,13,0.06,12,BDL,40,G,6,Quepem Tilamol
03-07-2019,38,18,10,13,0,12,BDL,38,G,6,Quepem Tilamol
07-07-2019,40,20,11,14,0,13,BDL,40,G,6,Quepem Tilamol
10-07-2019,38,19,10,13,0,13,BDL,38,G,6,Quepem Tilamol
13-07-2019,37,19,10,13,0,13,BDL,37,G,6,Quepem Tilamol
17-07-2019,37,18,10,13,0,13,BDL,37,G,6,Quepem Tilamol
20-07-2019,37,19,10,13,0,13,BDL,37,G,6,Quepem Tilamol
24-07-2019,36,19,10,13,0,13,BDL,36,G,6,Quepem Tilamol
27-07-2019,37,20,10,13,0,13,BDL,37,G,6,Quepem Tilamol
31-07-2019,39,20,10,14,0,13,BDL,39,G,6,Quepem Tilamol
03-08-2019,36,20,10,13,0.07,13,BDL,36,G,6,Quepem Tilamol
07-08-2019,40,19,10,14,0.07,13,BDL,40,G,6,Quepem Tilamol
10-08-2019,38,19,10,13,0.07,13,BDL,38,G,6,Quepem Tilamol
14-08-2019,37,20,10,14,0.07,13,BDL,37,G,6,Quepem Tilamol
17-08-2019,37,20,10,13,0.07,13,BDL,37,G,6,Quepem Tilamol
21-08-2019,38,21,10,14,0.07,13,BDL,38,G,6,Quepem Tilamol
24-08-2019,38,19,11,14,0.07,13,BDL,38,G,6,Quepem Tilamol
28-08-2019,38,20,11,14,0.07,13,BDL,38,G,6,Quepem Tilamol
31-08-2019,41,22,11,14,0.06,13,BDL,41,G,6,Quepem Tilamol
04-09-2019,39,20,11,14,0.07,13,BDL,39,G,6,Quepem Tilamol
08-09-2019,45,23,11,14,0.08,14,BDL,45,G,6,Quepem Tilamol
11-09-2019,46,23,11,14,0.07,14,BDL,46,G,6,Quepem Tilamol
14-09-2019,52,26,11,14,0.06,13,BDL,52,S,6,Quepem Tilamol
18-09-2019,49,30,11,14,0.07,13,BDL,50,G,6,Quepem Tilamol
21-09-2019,44,21,11,14,0.07,13,BDL,44,G,6,Quepem Tilamol
25-09-2019,62,37,12,14,0.07,14,BDL,62,S,6,Quepem Tilamol
25-09-2019,62,37,12,14,0.07,14,BDL,62,S,6,Quepem Tilamol
28-09-2019,62,31,11,14,0.07,14,BDL,62,S,6,Quepem Tilamol
02-10-2019,57,27,11,14,0.07,14,BDL,57,S,6,Quepem Tilamol
05-10-2019,54,27,11,14,0.08,13,BDL,54,S,6,Quepem Tilamol
09-10-2019,58,32,11,14,0.07,14,BDL,58,S,6,Quepem Tilamol
12-10-2019,57,32,11,14,0.07,14,BDL,57,S,6,Quepem Tilamol
16-10-2019,61,32,11,15,0.07,14,BDL,61,S,6,Quepem Tilamol
18-10-2019,47,23,11,14,0.07,14,BDL,47,G,6,Quepem Tilamol
22-10-2019,55,28,11,14,0.07,14,BDL,55,S,6,Quepem Tilamol
26-10-2019,57,30,11,14,0.07,14,BDL,57,S,6,Quepem Tilamol
30-10-2019,62,30,11,14,0.08,15,BDL,62,S,6,Quepem Tilamol
02-11-2019,47,24,11,14,0.06,14,BDL,47,G,6,Quepem Tilamol
06-11-2019,57,29,10,13,0.07,15,BDL,57,S,6,Quepem Tilamol
09-11-2019,40,23,10,13,0.07,15,BDL,40,G,6,Quepem Tilamol
13-11-2019,68,32,10,14,0.06,15,BDL,68,S,6,Quepem Tilamol
16-11-2019,63,32,11,14,0.07,15,BDL,63,S,6,Quepem Tilamol
20-11-2019,63,30,11,14,0.07,15,BDL,63,S,6,Quepem Tilamol
23-11-2019,61,32,10,13,0.07,15,BDL,61,S,6,Quepem Tilamol
27-11-2019,64,32,10,13,0.07,15,BDL,64,S,6,Quepem Tilamol
30-11-2019,64,32,11,14,0.06,15,BDL,64,S,6,Quepem Tilamol
04-12-2019,56,30,11,14,0.07,15,BDL,56,S,6,Quepem Tilamol
07-12-2019,61,32,11,14,0.06,15,BDL,61,S,6,Quepem Tilamol
11-12-2019,64,32,11,14,0.07,16,BDL,64,S,6,Quepem Tilamol
14-12-2019,68,32,10,14,0.07,15,BDL,68,S,6,Quepem Tilamol
18-12-2019,67,35,11,14,0.07,15,BDL,67,S,6,Quepem Tilamol
21-12-2019,59,30,10,13,0.06,16,BDL,59,S,6,Quepem Tilamol
25-12-2019,62,30,10,13,0.07,15,BDL,62,S,6,Quepem Tilamol
28-12-2019,56,30,11,14,0.06,15,BDL,56,S,6,Quepem Tilamol
01-01-2020,53,29,10,13,0.06,15,BDL,53,S,6,Quepem Tilamol
04-01-2020,61,33,11,14,0.05,15,BDL,61,S,6,Quepem Tilamol
08-01-2020,67,36,11,14,0.07,15,BDL,67,S,6,Quepem Tilamol
11-01-2020,67,37,11,14,0.07,16,BDL,67,S,6,Quepem Tilamol
15-01-2020,60,32,10,14,0.06,15,BDL,60,S,6,Quepem Tilamol
18-01-2020,66,35,11,14,0.06,15,BDL,66,S,6,Quepem Tilamol
22-01-2020,59,32,10,13,0.06,15,BDL,59,S,6,Quepem Tilamol
25-01-2020,66,32,11,14,0.06,15,BDL,66,S,6,Quepem Tilamol
29-01-2020,60,32,11,14,0.06,15,BDL,60,S,6,Quepem Tilamol
01-02-2020,71,29,11,14,0.06,15,BDL,71,S,6,Quepem Tilamol
05-02-2020,65,33,11,14,0.07,15,BDL,65,S,6,Quepem Tilamol
08-02-2020,76,36,11,14,0.07,15,BDL,76,S,6,Quepem Tilamol
12-02-2020,79,40,11,14,0.07,15,BDL,79,S,6,Quepem Tilamol
15-02-2020,85,46,11,14,0.08,15,BDL,85,S,6,Quepem Tilamol
19-02-2020,80,37,11,14,0.06,16,BDL,80,S,6,Quepem Tilamol
22-02-2020,82,43,11,14,0.07,16,BDL,82,S,6,Quepem Tilamol
26-02-2020,90,53,11,14,0.05,15,BDL,90,S,6,Quepem Tilamol
28-02-2020,81,45,11,14,0.05,15,BDL,81,S,6,Quepem Tilamol
04-03-2020,77,40,14,15,0.08,14,BDL,77,S,6,Quepem Tilamol
06-03-2020,65,37,11,15,0.06,15,BDL,65,S,6,Quepem Tilamol
10-03-2020,74,46,10,15,0.07,15,BDL,76,S,6,Quepem Tilamol
13-03-2020,71,43,10,14,0.07,16,BDL,72,S,6,Quepem Tilamol
18-03-2020,79,51,11,15,0.07,16,BDL,85,S,6,Quepem Tilamol
21-03-2020,74,32,11,15,0.07,15,BDL,74,S,6,Quepem Tilamol
01-04-2019,64,28,10,15,0.08,13,BDL,64,S,7,Kundaim
04-04-2019,47,24,11,16,0.08,13,BDL,47,G,7,Kundaim
08-04-2019,43,32,10,15,0.09,13,BDL,53,S,7,Kundaim
11-04-2019,56,22,11,16,0.08,14,BDL,56,S,7,Kundaim
15-04-2019,48,28,11,15,0.08,14,BDL,48,G,7,Kundaim
20-04-2019,56,29,11,16,0.07,13,BDL,56,S,7,Kundaim
22-04-2019,59,28,11,17,0.07,13,BDL,59,S,7,Kundaim
25-04-2019,52,20,11,16,0.07,13,BDL,52,S,7,Kundaim
29-04-2019,50,19,11,17,0.06,13,BDL,50,S,7,Kundaim
02-05-2019,45,13,12,15,0.07,17,BDL,45,G,7,Kundaim
06-05-2019,51,30,12,15,0.07,19,BDL,51,S,7,Kundaim
09-05-2019,59,31,12,15,0.06,20,BDL,59,S,7,Kundaim
13-05-2019,50,27,12,15,0.08,18,BDL,50,S,7,Kundaim
18-05-2019,59,23,12,15,0.07,13,BDL,59,S,7,Kundaim
20-05-2019,34,18,12,16,0.07,14,BDL,34,G,7,Kundaim
25-05-2019,47,25,12,15,0.07,18,BDL,47,G,7,Kundaim
27-05-2019,49,31,11,15,0.08,19,BDL,52,S,7,Kundaim
30-05-2019,50,24,12,15,0.07,13,BDL,50,S,7,Kundaim
03-06-2019,36,15,11,14,0.07,14,BDL,36,G,7,Kundaim
06-06-2019,50,27,10,14,0.07,13,BDL,50,S,7,Kundaim
10-06-2019,33,21,11,14,0.07,13,BDL,35,G,7,Kundaim
15-06-2019,36,19,10,13,0.07,12,BDL,36,G,7,Kundaim
17-06-2019,21,12,10,13,0.07,11,BDL,21,G,7,Kundaim
20-06-2019,40,20,10,14,0.07,13,BDL,40,G,7,Kundaim
24-06-2019,38,18,9,13,0.07,12,BDL,38,G,7,Kundaim
28-06-2019,34,18,9,13,0.06,12,BDL,34,G,7,Kundaim
01-07-2019,34,15,10,14,0.06,12,BDL,34,G,7,Kundaim
04-07-2019,33,16,10,13,0.06,13,BDL,33,G,7,Kundaim
08-07-2019,37,18,10,14,0.07,13,BDL,37,G,7,Kundaim
11-07-2019,35,18,9,14,0.06,12,BDL,35,G,7,Kundaim
15-07-2019,34,17,10,14,0.07,12,BDL,34,G,7,Kundaim
18-07-2019,38,19,10,13,0.06,13,BDL,38,G,7,Kundaim
22-07-2019,36,18,10,13,0.06,13,BDL,36,G,7,Kundaim
25-07-2019,35,18,10,13,0.06,14,BDL,35,G,7,Kundaim
29-07-2019,39,21,10,13,0.07,13,BDL,39,G,7,Kundaim
01-08-2019,37,20,10,13,0.07,12,BDL,37,G,7,Kundaim
06-08-2019,36,19,10,13,0.07,13,BDL,36,G,7,Kundaim
08-08-2019,35,18,10,13,0.07,13,BDL,35,G,7,Kundaim
13-08-2019,36,20,10,13,0.07,12,BDL,36,G,7,Kundaim
16-08-2019,35,18,10,13,0.07,12,BDL,35,G,7,Kundaim
19-08-2019,36,18,10,13,0.07,13,BDL,36,G,7,Kundaim
22-08-2019,38,18,10,13,0.07,13,BDL,38,G,7,Kundaim
26-08-2019,39,21,11,13,0.06,14,BDL,39,G,7,Kundaim
29-08-2019,38,18,10,13,0.06,13,BDL,38,G,7,Kundaim
02-09-2019,37,19,10,14,0.07,13,BDL,37,G,7,Kundaim
05-09-2019,38,19,11,14,0.07,13,BDL,38,G,7,Kundaim
09-09-2019,45,24,11,14,0.07,13,BDL,45,G,7,Kundaim
12-09-2019,50,24,11,14,0.06,14,BDL,50,G,7,Kundaim
17-09-2019,51,25,11,14,0.08,14,BDL,51,G,7,Kundaim
19-09-2019,54,27,11,14,0.06,13,BDL,54,S,7,Kundaim
23-09-2019,55,35,11,14,0.06,13,BDL,59,S,7,Kundaim
26-09-2019,58,35,12,15,0.07,13,BDL,58,S,7,Kundaim
30-09-2019,61,30,11,14,0.07,13,BDL,61,S,7,Kundaim
03-10-2019,46,26,11,14,0.06,14,BDL,46,G,7,Kundaim
07-10-2019,60,29,11,14,0.07,13,BDL,60,S,7,Kundaim
10-10-2019,62,31,11,14,0.07,14,BDL,62,S,7,Kundaim
14-10-2019,56,28,11,14,0.06,14,BDL,56,S,7,Kundaim
17-10-2019,52,26,11,14,0.07,14,BDL,52,S,7,Kundaim
21-10-2019,58,28,11,14,0.06,14,BDL,58,S,7,Kundaim
24-10-2019,41,20,11,14,0.06,14,BDL,41,G,7,Kundaim
28-10-2019,61,31,11,14,0.06,15,BDL,61,S,7,Kundaim
31-10-2019,66,32,11,14,0.06,14,BDL,66,S,7,Kundaim
04-11-2019,62,31,11,14,0.07,15,BDL,62,S,7,Kundaim
07-11-2019,59,30,11,14,0.07,15,BDL,59,S,7,Kundaim
11-11-2019,65,35,11,14,0.07,15,BDL,65,S,7,Kundaim
14-11-2019,70,35,11,14,0.07,15,BDL,70,S,7,Kundaim
18-11-2019,61,30,11,14,0.07,15,BDL,61,S,7,Kundaim
22-11-2019,61,31,11,14,0.07,15,BDL,61,S,7,Kundaim
25-11-2019,56,28,11,14,0.07,15,BDL,56,S,7,Kundaim
28-11-2019,64,32,11,14,0.07,14,BDL,64,S,7,Kundaim
02-12-2019,60,30,11,14,0.08,15,BDL,60,S,7,Kundaim
05-12-2019,65,34,11,14,0.07,15,BDL,65,S,7,Kundaim
09-12-2019,65,32,11,14,0.07,15,BDL,65,S,7,Kundaim
12-12-2019,57,28,11,14,0.07,16,BDL,57,S,7,Kundaim
16-12-2019,60,30,11,14,0.07,16,BDL,60,S,7,Kundaim
21-12-2019,63,32,11,14,0.07,15,BDL,63,S,7,Kundaim
23-12-2019,61,30,11,14,0.07,15,BDL,61,S,7,Kundaim
26-12-2019,58,31,11,14,0.07,15,BDL,58,S,7,Kundaim
30-12-2019,64,32,11,14,0.08,15,BDL,64,S,7,Kundaim
02-01-2020,65,32,11,14,0.07,15,BDL,65,S,7,Kundaim
06-01-2020,70,37,11,14,0.07,15,BDL,70,S,7,Kundaim
09-01-2020,75,39,11,14,0.07,16,BDL,75,S,7,Kundaim
13-01-2020,73,38,11,14,0.08,16,BDL,73,S,7,Kundaim
16-01-2020,66,35,10,14,0.06,15,BDL,66,S,7,Kundaim
20-01-2020,65,33,11,14,0.07,16,BDL,65,S,7,Kundaim
23-01-2020,73,37,11,14,0.07,15,BDL,73,S,7,Kundaim
27-01-2020,60,31,11,14,0.07,15,BDL,60,S,7,Kundaim
30-01-2020,65,33,11,14,0.07,15,BDL,65,S,7,Kundaim
03-02-2020,68,34,11,14,0.06,13,BDL,68,S,7,Kundaim
06-02-2020,73,37,11,14,0.07,13,BDL,73,S,7,Kundaim
10-02-2020,73,35,11,14,0.06,13,BDL,73,S,7,Kundaim
13-02-2020,70,38,11,14,0.07,14,BDL,70,S,7,Kundaim
17-02-2020,65,33,11,14,0.06,13,BDL,65,S,7,Kundaim
20-02-2020,80,37,10,14,0.06,13,BDL,80,S,7,Kundaim
24-02-2020,88,35,11,14,0.07,13,BDL,88,S,7,Kundaim
27-02-2020,79,47,11,14,0.07,13,BDL,79,S,7,Kundaim
02-03-2020,68,36,11,15,0.07,15,BDL,68,S,7,Kundaim
05-03-2020,73,33,10,14,0.07,15,BDL,73,S,7,Kundaim
09-03-2020,73,36,10,14,0.08,15,BDL,73,S,7,Kundaim
12-03-2020,70,39,11,14,0.07,16,BDL,70,S,7,Kundaim
16-03-2020,65,39,11,14,0.07,15,BDL,65,S,7,Kundaim
19-03-2020,80,39,11,14,0.07,15,BDL,80,S,7,Kundaim
02-04-2019,69,28,10,15,0.07,13,BDL,69,S,9,Usgao
05-04-2019,62,36,10,15,0.07,12,BDL,62,S,9,Usgao
09-04-2019,60,27,10,15,0.06,13,BDL,60,S,9,Usgao
12-04-2019,57,29,10,15,0.07,11,BDL,57,S,9,Usgao
16-04-2019,71,33,10,15,0.08,11,BDL,71,S,9,Usgao
20-04-2019,71,36,11,16,0.07,18,BDL,71,S,9,Usgao
24-04-2019,71,38,11,16,0.07,17,BDL,71,S,9,Usgao
27-04-2019,83,54,11,16,0.07,19,BDL,90,S,9,Usgao
30-04-2019,69,45,11,17,0.08,20,BDL,76,S,9,Usgao
03-05-2019,79,47,11,14,0.06,14,BDL,79,S,9,Usgao
07-05-2019,57,26,12,14,0.06,14,BDL,57,S,9,Usgao
10-05-2019,70,37,11,14,0.07,14,BDL,70,S,9,Usgao
14-05-2019,63,38,11,16,0.06,13,BDL,63,S,9,Usgao
17-05-2019,86,45,11,14,0.07,13,BDL,86,S,9,Usgao
21-05-2019,52,27,11,14,0.07,18,BDL,52,S,9,Usgao
24-05-2019,61,42,11,14,0.07,13,BDL,69,S,9,Usgao
28-05-2019,56,33,10,14,0.07,13,BDL,56,S,9,Usgao
31-05-2019,64,32,11,14,0.07,18,BDL,64,S,9,Usgao
04-06-2019,70,39,11,14,0.06,13,BDL,70,S,9,Usgao
07-06-2019,55,27,11,14,0.07,13,BDL,55,S,9,Usgao
11-06-2019,37,18,10,13,0.06,12,BDL,37,S,9,Usgao
14-06-2019,34,18,9,13,0.06,11,BDL,34,G,9,Usgao
19-06-2019,35,20,10,13,0.06,13,BDL,35,G,9,Usgao
21-06-2019,35,18,10,14,0.06,12,BDL,35,G,9,Usgao
25-06-2019,44,23,10,14,0.07,12,BDL,44,G,9,Usgao
28-06-2019,38,19,10,13,0.06,12,BDL,38,G,9,Usgao
02-07-2019,34,17,10,14,0.06,12,BDL,34,G,9,Usgao
05-07-2019,32,17,9,13,0.06,13,BDL,32,G,9,Usgao
09-07-2019,38,18,10,14,0.07,13,BDL,38,G,9,Usgao
12-07-2019,36,19,10,13,0.06,13,BDL,36,G,9,Usgao
16-07-2019,37,20,10,13,0.06,13,BDL,37,G,9,Usgao
19-07-2019,36,18,10,13,0.07,13,BDL,36,G,9,Usgao
23-07-2019,39,19,10,13,0.06,13,BDL,39,G,9,Usgao
26-07-2019,36,18,10,13,0.07,13,BDL,36,G,9,Usgao
30-07-2019,37,19,10,13,0.07,13,BDL,37,G,9,Usgao
02-08-2019,37,19,10,13,0.06,13,BDL,37,G,9,Usgao
06-08-2019,34,18,10,13,0.07,13,BDL,34,G,9,Usgao
09-08-2019,35,18,10,13,0.06,13,BDL,35,G,9,Usgao
13-08-2019,36,18,10,13,0.07,13,BDL,36,G,9,Usgao
16-08-2019,37,19,10,14,0.07,13,BDL,37,G,9,Usgao
20-08-2019,38,20,11,13,0.06,13,BDL,38,G,9,Usgao
23-08-2019,39,20,11,14,0.07,13,BDL,39,G,9,Usgao
27-08-2019,33,18,10,14,0.06,13,BDL,33,G,9,Usgao
30-08-2019,36,19,11,14,0.07,13,BDL,36,G,9,Usgao
05-09-2019,39,21,11,14,0.07,13,BDL,39,G,9,Usgao
07-09-2019,35,18,11,14,0.07,13,BDL,35,G,9,Usgao
10-09-2019,48,22,11,14,0.07,14,BDL,48,G,9,Usgao
13-09-2019,50,25,11,14,0.06,13,BDL,50,G,9,Usgao
17-09-2019,51,24,11,14,0.06,13,BDL,51,S,9,Usgao
20-09-2019,51,27,11,14,0.07,13,BDL,51,S,9,Usgao
24-09-2019,53,31,11,14,0.07,13,BDL,53,S,9,Usgao
27-09-2019,60,29,11,14,0.07,13,BDL,60,S,9,Usgao
01-10-2019,70,32,11,14,0.07,13,BDL,70,S,9,Usgao
04-10-2019,62,29,11,14,0.06,14,BDL,62,S,9,Usgao
08-10-2019,55,31,11,14,0.05,13,BDL,55,S,9,Usgao
11-10-2019,69,31,11,14,0.08,14,BDL,69,S,9,Usgao
15-10-2019,60,30,11,14,0.08,14,BDL,60,S,9,Usgao
18-10-2019,55,25,11,14,0.07,14,BDL,55,S,9,Usgao
22-10-2019,50,25,11,14,0.08,14,BDL,50,G,9,Usgao
25-10-2019,38,20,10,13,0.05,14,BDL,38,G,9,Usgao
29-10-2019,50,24,10,13,0.05,14,BDL,50,G,9,Usgao
01-11-2019,53,28,10,14,0.05,14,BDL,53,S,9,Usgao
05-11-2019,46,22,11,14,0.06,14,BDL,46,G,9,Usgao
08-11-2019,53,27,11,14,0.07,14,BDL,53,S,9,Usgao
11-11-2019,54,29,11,14,0.07,14,BDL,54,S,9,Usgao
15-11-2019,66,32,11,14,0.08,14,BDL,66,S,9,Usgao
19-11-2019,64,33,11,14,0.06,15,BDL,64,S,9,Usgao
22-11-2019,66,33,10,13,0.06,14,BDL,66,S,9,Usgao
26-11-2019,59,31,10,14,0.07,15,BDL,59,S,9,Usgao
29-11-2019,65,32,11,14,0.06,15,BDL,65,S,9,Usgao
04-12-2019,60,31,11,14,0.07,15,BDL,60,S,9,Usgao
06-12-2019,63,32,11,14,0.07,15,BDL,63,S,9,Usgao
10-12-2019,56,29,11,14,0.07,15,BDL,56,S,9,Usgao
13-12-2019,54,29,10,13,0.07,15,BDL,54,S,9,Usgao
17-12-2019,66,34,11,14,0.08,16,BDL,66,S,9,Usgao
20-12-2019,70,36,11,14,0.07,15,BDL,70,S,9,Usgao
24-12-2019,61,30,10,14,0.08,15,BDL,61,S,9,Usgao
27-12-2019,53,27,11,14,0.06,15,BDL,53,S,9,Usgao
31-12-2019,57,29,10,13,0.06,14,BDL,57,S,9,Usgao
03-01-2020,66,33,11,14,0.06,15,BDL,66,S,9,Usgao
07-01-2020,67,35,11,14,0.07,15,BDL,67,S,9,Usgao
10-01-2020,78,40,11,14,0.07,15,BDL,78,S,9,Usgao
14-01-2020,74,37,11,14,0.07,16,BDL,74,S,9,Usgao
17-01-2020,61,31,11,14,0.06,15,BDL,61,S,9,Usgao
21-01-2020,66,35,11,14,0.06,15,BDL,66,S,9,Usgao
24-01-2020,70,35,10,14,0.06,15,BDL,70,S,9,Usgao
28-01-2020,80,41,11,14,0.06,15,BDL,80,S,9,Usgao
31-01-2020,69,35,11,14,0.06,15,BDL,69,S,9,Usgao
04-02-2020,72,38,11,14,0.06,15,BDL,72,S,9,Usgao
07-02-2020,84,41,11,14,0.07,15,BDL,84,S,9,Usgao
11-02-2020,84,42,11,14,0.06,16,BDL,84,S,9,Usgao
13-02-2020,79,40,11,14,0.08,15,BDL,79,S,9,Usgao
18-02-2020,69,36,11,14,0.08,15,BDL,69,S,9,Usgao
20-02-2020,93,50,11,15,0.07,16,BDL,93,S,9,Usgao
25-02-2020,93,48,11,14,0.08,15,BDL,93,S,9,Usgao
27-02-2020,92,52,11,14,0.06,15,BDL,92,S,9,Usgao
03-03-2020,78,44,10,14,0.07,16,BDL,78,S,9,Usgao
06-03-2020,69,45,10,14,0.07,15,BDL,74,S,9,Usgao
10-03-2020,64,42,10,14,0.07,15,BDL,70,S,9,Usgao
13-03-2020,67,40,10,15,0.07,15,BDL,67,S,9,Usgao
17-03-2020,69,42,11,15,0.06,15,BDL,70,S,9,Usgao
20-03-2020,76,41,11,15,0.07,15,BDL,76,S,9,Usgao
03-04-2019,72,33,11,15,0.07,12,BDL,72,S,10,Codli
06-04-2019,59,32,10,16,0.08,13,BDL,59,S,10,Codli
10-04-2019,68,50,11,15,0.07,12,BDL,83,S,10,Codli
13-04-2019,53,34,11,15,0.08,15,BDL,57,S,10,Codli
17-04-2019,74,39,11,15,0.07,17,BDL,74,S,10,Codli
20-04-2019,75,48,11,17,0.07,24,BDL,80,S,10,Codli
24-04-2019,70,26,11,17,0.07,26,BDL,70,S,10,Codli
27-04-2019,59,41,11,16,0.06,19,BDL,68,S,10,Codli
01-05-2019,76,35,12,15,0.07,13,BDL,76,S,10,Codli
04-05-2019,55,15,12,15,0.07,14,BDL,55,S,10,Codli
08-05-2019,75,28,11,15,0.07,16,BDL,75,S,10,Codli
11-05-2019,70,27,11,15,0.06,19,BDL,70,S,10,Codli
15-05-2019,63,30,11,15,0.07,19,BDL,63,S,10,Codli
18-05-2019,47,32,12,14,0.06,14,BDL,54,S,10,Codli
22-05-2019,52,34,10,14,0.07,17,BDL,57,S,10,Codli
25-05-2019,62,31,11,15,0.07,18,BDL,62,S,10,Codli
29-05-2019,59,41,11,14,0.07,20,BDL,69,S,10,Codli
03-06-2019,58,30,11,13,0,13,BDL,58,S,10,Codli
05-06-2019,58,30,11,14,0,13,BDL,58,S,10,Codli
08-06-2019,65,33,11,14,0,13,BDL,65,S,10,Codli
12-06-2019,40,22,10,13,0,12,BDL,40,G,10,Codli
15-06-2019,34,16,10,13,0,11,BDL,34,G,10,Codli
19-06-2019,40,20,10,13,0,12,BDL,40,G,10,Codli
23-06-2019,33,15,10,13,0,12,BDL,33,G,10,Codli
26-06-2019,41,20,10,13,0,12,BDL,41,G,10,Codli
29-06-2019,39,19,10,13,0,12,BDL,39,G,10,Codli
03-07-2019,30,15,9,13,0.06,12,BDL,30,G,10,Codli
06-07-2019,35,18,9,12,0.06,11,BDL,35,G,10,Codli
10-07-2019,31,15,9,14,0.05,12,BDL,31,G,10,Codli
13-07-2019,31,15,9,13,0.06,12,BDL,31,G,10,Codli
16-07-2019,34,17,10,13,0.06,12,BDL,34,G,10,Codli
20-07-2019,34,17,10,13,0.06,13,BDL,34,G,10,Codli
24-07-2019,33,17,10,13,0.06,12,BDL,33,G,10,Codli
27-07-2019,33,17,10,13,0.06,13,BDL,33,G,10,Codli
31-07-2019,30,14,10,13,0.06,13,BDL,30,G,10,Codli
03-08-2019,30,17,10,13,0.07,13,BDL,30,G,10,Codli
07-08-2019,32,16,10,13,0.07,13,BDL,32,G,10,Codli
10-08-2019,33,18,10,13,0.06,13,BDL,33,G,10,Codli
14-08-2019,31,17,10,13,0.06,13,BDL,31,G,10,Codli
17-08-2019,32,17,10,13,0.06,13,BDL,32,G,10,Codli
21-08-2019,35,18,10,13,0.05,13,BDL,35,G,10,Codli
24-08-2019,34,18,10,13,0.06,13,BDL,34,G,10,Codli
28-08-2019,38,30,10,13,0.05,13,BDL,49,G,10,Codli
31-08-2019,34,18,10,13,0.06,13,BDL,34,G,10,Codli
04-09-2019,36,18,10,13,0.06,13,BDL,36,G,10,Codli
07-09-2019,38,20,11,14,0.06,13,BDL,38,G,10,Codli
11-09-2019,42,20,10,13,0.05,13,BDL,42,G,10,Codli
14-09-2019,41,20,10,13,0.05,13,BDL,41,G,10,Codli
18-09-2019,44,22,10,14,0.05,13,BDL,44,G,10,Codli
21-09-2019,42,23,10,13,0.05,13,BDL,42,G,10,Codli
25-09-2019,53,32,12,15,0.06,13,BDL,53,S,10,Codli
28-09-2019,50,24,11,14,0.05,13,BDL,50,S,10,Codli
02-10-2019,51,28,11,14,0.05,13,BDL,51,S,10,Codli
05-10-2019,41,26,11,14,0.06,13,BDL,43,G,10,Codli
09-10-2019,48,29,10,14,0.06,14,BDL,48,G,10,Codli
12-10-2019,40,20,11,14,0.05,13,BDL,40,G,10,Codli
17-10-2019,42,22,11,14,0.07,14,BDL,42,G,10,Codli
19-10-2019,46,24,11,14,0.05,14,BDL,46,G,10,Codli
23-10-2019,44,23,10,13,0.05,14,BDL,44,G,10,Codli
26-10-2019,43,24,10,13,0.06,15,BDL,43,G,10,Codli
30-10-2019,43,21,10,13,0.05,14,BDL,43,G,10,Codli
02-11-2019,46,23,9,11,0.05,14,BDL,46,G,10,Codli
06-11-2019,48,25,9,13,0.05,14,BDL,48,G,10,Codli
09-11-2019,44,23,9,13,0.05,14,BDL,44,G,10,Codli
13-11-2019,42,22,10,13,0.05,15,BDL,42,G,10,Codli
16-11-2019,45,22,10,13,0.06,15,BDL,45,G,10,Codli
20-11-2019,47,24,9,12,0.05,14,BDL,47,G,10,Codli
23-11-2019,43,22,9,12,0.05,14,BDL,43,G,10,Codli
27-11-2019,47,24,10,13,0.05,14,BDL,47,G,10,Codli
30-11-2019,45,23,9,13,0.05,15,BDL,45,G,10,Codli
04-12-2019,46,23,10,13,0.06,15,BDL,46,G,10,Codli
07-12-2019,52,26,10,13,0.05,15,BDL,52,S,10,Codli
11-12-2019,44,23,9,13,0.05,14,BDL,44,G,10,Codli
14-12-2019,41,22,10,13,0.05,15,BDL,41,G,10,Codli
18-12-2019,47,23,10,13,0.06,15,BDL,47,G,10,Codli
21-12-2019,46,23,10,13,0.06,15,BDL,46,G,10,Codli
25-12-2019,44,22,9,12,0.05,14,BDL,44,G,10,Codli
28-12-2019,48,23,10,13,0.05,15,BDL,48,G,10,Codli
01-01-2020,45,23,10,13,0.05,15,BDL,45,G,10,Codli
04-01-2020,54,27,10,13,0.05,15,BDL,54,S,10,Codli
08-01-2020,51,27,10,13,0.05,15,BDL,51,S,10,Codli
11-01-2020,62,31,10,13,0.06,15,BDL,62,S,10,Codli
15-01-2020,53,30,10,13,0.05,15,BDL,53,S,10,Codli
18-01-2020,55,26,10,13,0.06,15,BDL,55,S,10,Codli
22-01-2020,57,30,11,14,0.05,15,BDL,57,S,10,Codli
25-01-2020,52,29,10,13,0.05,15,BDL,52,S,10,Codli
29-01-2020,47,25,10,13,0.05,15,BDL,47,G,10,Codli
01-02-2020,55,30,10,13,0.05,15,BDL,55,S,10,Codli
05-02-2020,76,38,10,13,0.05,15,BDL,76,S,10,Codli
08-02-2020,62,27,10,14,0.05,15,BDL,62,S,10,Codli
12-02-2020,63,30,10,14,0.06,15,BDL,63,S,10,Codli
15-02-2020,57,30,11,14,0.07,15,BDL,57,S,10,Codli
19-02-2020,51,27,11,14,0.06,15,BDL,51,S,10,Codli
22-02-2020,71,34,10,14,0.05,15,BDL,71,S,10,Codli
26-02-2020,86,35,10,14,0.05,15,BDL,86,S,10,Codli
29-02-2020,66,37,10,13,0.05,15,BDL,66,S,10,Codli
02-03-2020,63,43,10,14,0.06,16,BDL,72,S,10,Codli
05-03-2020,48,30,11,15,0.07,14,BDL,51,S,10,Codli
09-03-2020,51,35,10,15,0.07,15,BDL,58,S,10,Codli
14-03-2020,51,31,11,15,0.08,15,BDL,52,S,10,Codli
17-03-2020,59,29,11,14,0.07,16,BDL,59,S,10,Codli
21-03-2020,65,30,11,14,0.07,15,BDL,65,S,10,Codli
02-04-2019,74,34,10,14,0.07,12,BDL,74,S,11,Honda
05-04-2019,73,25,11,14,0.07,16,BDL,73,S,11,Honda
09-04-2019,55,25,11,14,0.07,12,BDL,55,S,11,Honda
12-04-2019,63,27,11,14,0.08,13,BDL,63,S,11,Honda
16-04-2019,58,27,10,15,0.08,16,BDL,58,S,11,Honda
19-04-2019,73,32,11,14,0.07,13,BDL,73,S,11,Honda
23-04-2019,73,30,11,16,0.08,22,BDL,73,S,11,Honda
26-04-2019,58,23,11,16,0.07,25,BDL,58,S,11,Honda
30-04-2019,63,31,11,16,0.06,19,BDL,63,S,11,Honda
03-05-2019,82,51,11,16,0.07,13,BDL,85,S,11,Honda
07-05-2019,76,44,10,14,0.06,12,BDL,76,S,11,Honda
11-05-2019,105,51,10,14,0.09,17,BDL,104,S,11,Honda
14-05-2019,112,56,10,14,0.08,12,BDL,108,S,11,Honda
17-05-2019,74,37,10,15,0.07,11,BDL,74,S,11,Honda
21-05-2019,93,44,10,14,0.08,15,BDL,93,S,11,Honda
24-05-2019,77,39,10,14,0.08,13,BDL,77,S,11,Honda
28-05-2019,90,47,10,16,0.07,18,BDL,90,S,11,Honda
31-05-2019,100,55,11,14,0.07,14,BDL,100,S,11,Honda
04-06-2019,61,31,11,14,0.07,13,BDL,61,S,11,Honda
07-06-2019,58,29,11,13,0.07,13,BDL,58,S,11,Honda
11-06-2019,34,19,10,13,0.07,12,BDL,34,G,11,Honda
14-06-2019,30,17,9,13,0.06,11,BDL,30,G,11,Honda
18-06-2019,55,27,10,14,0.07,13,BDL,55,S,11,Honda
21-06-2019,50,23,10,13,0.06,13,BDL,50,S,11,Honda
26-06-2019,43,21,10,13,0.07,13,BDL,43,G,11,Honda
29-06-2019,31,15,9,13,0.06,13,BDL,31,G,11,Honda
02-07-2019,37,18,10,14,0.06,13,BDL,37,G,11,Honda
05-07-2019,37,18,10,13,0.06,13,BDL,37,G,11,Honda
09-07-2019,36,19,9,13,0.06,12,BDL,36,G,11,Honda
12-07-2019,34,18,10,13,0.07,11,BDL,34,G,11,Honda
16-07-2019,35,18,10,14,0.06,13,BDL,35,G,11,Honda
19-07-2019,38,18,10,13,0.05,13,BDL,38,G,11,Honda
23-07-2019,36,20,10,13,0.07,13,BDL,36,G,11,Honda
26-07-2019,37,18,10,13,0.07,13,BDL,37,G,11,Honda
30-07-2019,35,18,10,14,0.07,13,BDL,35,G,11,Honda
02-08-2019,37,18,10,13,0.07,13,BDL,37,G,11,Honda
07-08-2019,37,19,10,13,0.07,13,BDL,37,G,11,Honda
10-08-2019,38,20,10,13,0.07,12,BDL,38,G,11,Honda
13-08-2019,36,19,10,13,0.07,11,BDL,36,G,11,Honda
16-08-2019,37,20,10,13,0.07,13,BDL,37,G,11,Honda
20-08-2019,40,20,10,13,0.07,13,BDL,40,G,11,Honda
23-08-2019,40,20,11,14,0.07,14,BDL,40,G,11,Honda
27-08-2019,36,21,10,14,0.06,13,BDL,36,G,11,Honda
31-08-2019,36,19,11,14,0.06,13,BDL,36,G,11,Honda
05-09-2019,38,20,11,14,0.06,13,BDL,38,G,11,Honda
07-09-2019,41,22,11,14,0.07,13,BDL,41,G,11,Honda
09-09-2019,46,22,11,14,0.06,13,BDL,46,G,11,Honda
12-09-2019,51,25,11,14,0.06,13,BDL,51,S,11,Honda
16-09-2019,43,22,11,14,0.07,13,BDL,43,G,11,Honda
19-09-2019,52,25,11,14,0.07,14,BDL,52,S,11,Honda
23-09-2019,51,31,11,14,0.07,13,BDL,52,S,11,Honda
26-09-2019,55,27,9,12,0.07,13,BDL,55,S,11,Honda
01-10-2019,55,30,11,14,0.06,13,BDL,55,S,11,Honda
04-10-2019,66,30,11,14,0.07,14,BDL,66,S,11,Honda
08-10-2019,61,29,11,14,0.07,14,BDL,61,S,11,Honda
11-10-2019,78,36,11,14,0.07,14,BDL,78,S,11,Honda
15-10-2019,62,30,11,14,0.06,14,BDL,62,S,11,Honda
18-10-2019,52,27,11,15,0.07,14,BDL,52,S,11,Honda
22-10-2019,51,24,11,14,0.07,14,BDL,51,S,11,Honda
25-10-2019,40,21,11,14,0.06,14,BDL,40,G,11,Honda
29-10-2019,61,30,10,13,0.06,14,BDL,61,S,11,Honda
01-11-2019,58,30,11,14,0.07,15,BDL,58,S,11,Honda
05-11-2019,64,32,11,14,0.08,15,BDL,64,S,11,Honda
08-11-2019,64,32,11,14,0.07,15,BDL,64,S,11,Honda
12-11-2019,55,30,11,14,0.06,14,BDL,55,S,11,Honda
15-11-2019,58,29,11,14,0.07,15,BDL,58,S,11,Honda
19-11-2019,64,31,10,13,0.08,15,BDL,64,S,11,Honda
22-11-2019,57,29,10,13,0.07,15,BDL,57,S,11,Honda
26-11-2019,63,32,11,14,0.07,15,BDL,63,S,11,Honda
29-11-2019,63,32,11,14,0.07,15,BDL,63,S,11,Honda
04-12-2019,61,31,11,14,0.06,15,BDL,61,S,11,Honda
06-12-2019,63,32,10,13,0.07,15,BDL,63,S,11,Honda
10-12-2019,62,32,11,14,0.07,15,BDL,62,S,11,Honda
13-12-2019,56,30,11,14,0.06,15,BDL,56,S,11,Honda
17-12-2019,60,30,11,14,0.07,15,BDL,60,S,11,Honda
20-12-2019,65,32,10,13,0.08,15,BDL,65,S,11,Honda
24-12-2019,63,31,10,13,0.07,15,BDL,63,S,11,Honda
27-12-2019,54,29,10,13,0.06,15,BDL,54,S,11,Honda
31-12-2019,55,28,11,14,0.06,15,BDL,55,S,11,Honda
03-01-2020,57,34,10,13,0.06,15,BDL,57,S,11,Honda
07-01-2020,59,31,10,13,0.06,15,BDL,59,S,11,Honda
10-01-2020,64,34,11,14,0.07,15,BDL,64,S,11,Honda
14-01-2020,66,36,11,14,0.06,15,BDL,66,S,11,Honda
17-01-2020,57,30,10,13,0.06,15,BDL,57,S,11,Honda
21-01-2020,62,33,10,14,0.05,15,BDL,62,S,11,Honda
25-01-2020,69,36,10,14,0.05,15,BDL,69,S,11,Honda
28-01-2020,59,32,11,14,0.06,15,BDL,59,S,11,Honda
31-01-2020,59,31,11,14,0.06,15,BDL,59,S,11,Honda
04-02-2020,73,39,11,14,0.06,15,BDL,73,S,11,Honda
07-02-2020,70,37,11,14,0.07,15,BDL,70,S,11,Honda
11-02-2020,71,38,11,14,0.07,15,BDL,71,S,11,Honda
14-02-2020,85,39,11,14,0.07,15,BDL,85,S,11,Honda
18-02-2020,69,35,11,15,0.08,15,BDL,69,S,11,Honda
21-02-2020,78,37,11,14,0.06,16,BDL,78,S,11,Honda
25-02-2020,78,40,11,14,0.05,15,BDL,78,S,11,Honda
28-02-2020,82,40,11,14,0.07,15,BDL,82,S,11,Honda
03-03-2020,68,29,10,13,0.07,14,BDL,68,S,11,Honda
06-03-2020,71,32,10,14,0.07,16,BDL,71,S,11,Honda
10-03-2020,71,35,11,14,0.07,15,BDL,71,S,11,Honda
13-03-2020,78,38,11,14,0.07,14,BDL,78,S,11,Honda
17-03-2020,82,46,10,15,0.07,16,BDL,82,S,11,Honda
19-03-2020,72,37,11,14,0.07,15,BDL,72,S,11,Honda
02-04-2019,91,56,11,15,0.07,13,BDL,93,S,12,Bicholim
04-04-2019,89,56,11,15,0.07,20,BDL,93,S,12,Bicholim
08-04-2019,55,31,10,15,0.07,16,BDL,55,S,12,Bicholim
11-04-2019,61,39,10,16,0.07,12,BDL,65,S,12,Bicholim
15-04-2019,59,22,11,16,0.08,14,BDL,59,S,12,Bicholim
18-04-2019,70,32,10,15,0.08,15,BDL,70,S,12,Bicholim
24-04-2019,75,21,11,16,0.06,20,BDL,75,S,12,Bicholim
26-04-2019,66,29,11,16,0.06,23,BDL,66,S,12,Bicholim
29-04-2019,64,35,11,17,0.07,20,BDL,64,S,12,Bicholim
02-05-2019,90,56,12,15,0.07,35,BDL,93,S,12,Bicholim
06-05-2019,58,56,12,15,0.07,27,BDL,93,S,12,Bicholim
09-05-2019,169,31,12,15,0.07,31,BDL,146,M,12,Bicholim
13-05-2019,85,39,12,15,0.07,40,BDL,85,S,12,Bicholim
16-05-2019,59,22,12,15,0.08,20,BDL,59,S,12,Bicholim
21-05-2019,48,32,11,15,0.06,36,BDL,54,S,12,Bicholim
23-05-2019,73,21,12,15,0.07,41,BDL,73,S,12,Bicholim
27-05-2019,70,29,11,14,0.07,44,BDL,70,S,12,Bicholim
31-05-2019,90,35,11,14,0.07,47,BDL,90,S,12,Bicholim
03-06-2019,39,22,11,14,0.07,13,BDL,39,G,12,Bicholim
06-06-2019,33,14,10,13,0.08,13,BDL,33,G,12,Bicholim
10-06-2019,57,12,11,14,0.07,12,BDL,57,S,12,Bicholim
14-06-2019,65,20,10,13,0.06,12,BDL,65,S,12,Bicholim
17-06-2019,32,18,10,13,0.07,12,BDL,32,G,12,Bicholim
20-06-2019,41,22,10,14,0.06,13,BDL,41,G,12,Bicholim
24-06-2019,33,17,10,13,0.06,13,BDL,33,G,12,Bicholim
27-06-2019,32,14,9,13,0.06,11,BDL,32,G,12,Bicholim
01-07-2019,35,18,10,14,0.06,12,BDL,35,G,12,Bicholim
04-07-2019,30,17,10,13,0.06,13,BDL,30,G,12,Bicholim
08-07-2019,57,18,10,13,0.07,12,BDL,57,S,12,Bicholim
11-07-2019,38,19,10,14,0.06,13,BDL,38,G,12,Bicholim
15-07-2019,31,16,10,14,0.06,13,BDL,31,G,12,Bicholim
18-07-2019,41,22,11,14,0.06,13,BDL,41,G,12,Bicholim
22-07-2019,37,18,10,13,0.06,13,BDL,37,G,12,Bicholim
25-07-2019,35,18,10,13,0.07,13,BDL,35,G,12,Bicholim
29-07-2019,36,20,10,13,0.06,13,BDL,36,G,12,Bicholim
03-08-2019,34,18,10,13,0.06,13,BDL,34,G,12,Bicholim
07-08-2019,34,18,10,13,0.07,13,BDL,34,G,12,Bicholim
10-08-2019,35,19,10,13,0.07,13,BDL,35,G,12,Bicholim
14-08-2019,36,18,10,13,0.06,13,BDL,36,G,12,Bicholim
16-08-2019,36,19,10,13,0.06,13,BDL,36,G,12,Bicholim
21-08-2019,37,20,11,14,0.07,13,BDL,37,G,12,Bicholim
24-08-2019,36,20,10,13,0.07,13,BDL,36,G,12,Bicholim
28-08-2019,40,18,10,13,0.06,13,BDL,40,G,12,Bicholim
31-08-2019,36,20,11,14,0.06,13,BDL,36,G,12,Bicholim
05-09-2019,39,20,11,14,0.06,13,BDL,39,G,12,Bicholim
07-09-2019,40,20,11,14,0.07,13,BDL,40,G,12,Bicholim
09-09-2019,40,22,11,14,0.06,13,BDL,40,G,12,Bicholim
12-09-2019,49,23,11,14,0.06,13,BDL,49,G,12,Bicholim
16-09-2019,50,25,11,14,0.06,13,BDL,50,G,12,Bicholim
19-09-2019,49,24,11,14,0.05,14,BDL,49,G,12,Bicholim
23-09-2019,48,28,10,13,0.06,13,BDL,48,S,12,Bicholim
26-09-2019,53,32,11,14,0.06,13,BDL,53,S,12,Bicholim
30-09-2019,51,27,11,14,0.06,13,BDL,51,S,12,Bicholim
03-10-2019,50,25,11,14,0.05,14,BDL,50,G,12,Bicholim
07-10-2019,52,26,11,14,0.06,13,BDL,52,S,12,Bicholim
10-10-2019,41,24,11,14,0.06,14,BDL,41,G,12,Bicholim
14-10-2019,50,25,11,14,0.06,14,BDL,50,G,12,Bicholim
17-10-2019,46,23,11,14,0.06,14,BDL,46,G,12,Bicholim
21-10-2019,48,23,11,14,0.06,14,BDL,48,G,12,Bicholim
24-10-2019,40,20,10,13,0.05,14,BDL,40,G,12,Bicholim
28-10-2019,52,25,11,14,0.06,14,BDL,52,S,12,Bicholim
31-10-2019,58,30,11,14,0.05,14,BDL,58,S,12,Bicholim
04-11-2019,47,23,11,14,0.06,14,BDL,47,G,12,Bicholim
07-11-2019,49,24,11,14,0.06,15,BDL,49,G,12,Bicholim
11-11-2019,52,27,10,13,0.05,15,BDL,52,S,12,Bicholim
14-11-2019,48,24,10,13,0.05,14,BDL,48,G,12,Bicholim
18-11-2019,44,23,11,14,0.06,14,BDL,44,G,12,Bicholim
21-11-2019,57,30,10,13,0.05,14,BDL,57,S,12,Bicholim
25-11-2019,49,25,11,14,0.06,14,BDL,49,G,12,Bicholim
28-11-2019,55,28,10,13,0.06,15,BDL,55,S,12,Bicholim
02-12-2019,59,30,11,14,0.07,15,BDL,59,S,12,Bicholim
05-12-2019,50,26,11,14,0.06,15,BDL,50,S,12,Bicholim
10-12-2019,64,31,11,14,0.06,15,BDL,64,S,12,Bicholim
12-12-2019,56,30,10,13,0.06,15,BDL,56,S,12,Bicholim
17-12-2019,54,28,10,13,0.07,16,BDL,54,S,12,Bicholim
20-12-2019,52,29,10,13,0.06,15,BDL,52,S,12,Bicholim
23-12-2019,51,26,10,13,0.06,15,BDL,51,S,12,Bicholim
26-12-2019,50,26,10,13,0.06,15,BDL,50,G,12,Bicholim
30-12-2019,55,30,10,13,0.05,15,BDL,55,S,12,Bicholim
02-01-2020,58,30,10,13,0.06,15,BDL,58,S,12,Bicholim
06-01-2020,61,31,11,14,0.06,15,BDL,61,S,12,Bicholim
09-01-2020,64,33,11,14,0.06,15,BDL,64,S,12,Bicholim
13-01-2020,54,27,11,14,0.06,16,BDL,54,S,12,Bicholim
16-01-2020,57,30,10,13,0.05,15,BDL,57,S,12,Bicholim
20-01-2020,60,32,10,14,0.06,15,BDL,60,S,12,Bicholim
23-01-2020,65,32,10,13,0.06,15,BDL,65,S,12,Bicholim
27-01-2020,55,27,11,14,0.06,15,BDL,55,S,12,Bicholim
30-01-2020,58,32,10,14,0.05,15,BDL,58,S,12,Bicholim
03-02-2020,60,32,11,14,0.05,15,BDL,60,S,12,Bicholim
06-02-2020,59,30,10,14,0.06,15,BDL,59,S,12,Bicholim
10-02-2020,71,34,11,14,0.06,15,BDL,71,S,12,Bicholim
13-02-2020,70,37,10,14,0.06,15,BDL,70,S,12,Bicholim
17-02-2020,64,32,11,14,0.07,15,BDL,64,S,12,Bicholim
20-02-2020,67,29,11,14,0.05,15,BDL,67,S,12,Bicholim
25-02-2020,73,38,11,14,0.06,15,BDL,73,S,12,Bicholim
27-02-2020,71,38,11,14,0.06,15,BDL,71,S,12,Bicholim
02-03-2020,86,36,10,14,0.07,15,BDL,86,S,12,Bicholim
06-03-2020,91,39,11,14,0.07,16,BDL,91,S,12,Bicholim
09-03-2020,80,38,11,14,0.07,14,BDL,80,S,12,Bicholim
12-03-2020,77,37,11,14,0.07,16,BDL,77,S,12,Bicholim
16-03-2020,79,34,11,14,0.07,14,BDL,79,S,12,Bicholim
19-03-2020,83,40,11,14,0.07,15,BDL,83,S,12,Bicholim
02-04-2019,79,,2,7,,,,79,S,13,Mapusa
04-04-2019,76,,4,7,,,,76,S,13,Mapusa
09-04-2019,92,,2,10,,,,92,S,13,Mapusa
11-04-2019,70,,4,5,,,,70,S,13,Mapusa
15-04-2019,71,,2,9,,,,71,S,13,Mapusa
18-04-2019,61,,2,7,,,,61,S,13,Mapusa
22-04-2019,64,,2,16,,,,64,S,13,Mapusa
25-04-2019,51,,2,6,,,,51,S,13,Mapusa
30-04-2019,76,,2,5,,,,76,S,13,Mapusa
02-05-2019,109,,3,12,,,,106,M,13,Mapusa
07-05-2019,92,,2,9,,,,92,S,13,Mapusa
09-05-2019,73,,2,6,,,,73,S,13,Mapusa
14-05-2019,59,,2,6,,,,59,S,13,Mapusa
16-05-2019,47,,6,5,,,,47,G,13,Mapusa
21-05-2019,58,,5,6,,,,58,S,13,Mapusa
23-05-2019,78,,2,6,,,,78,S,13,Mapusa
28-05-2019,235,,4,7,,,,190,M,13,Mapusa
30-05-2019,104,,2,5,,,,103,M,13,Mapusa
03-06-2019,105,,2,5,,,,103,M,13,Mapusa
06-06-2019,18,,4,5,,,,18,G,13,Mapusa
11-06-2019,76,,2,5,,,,76,S,13,Mapusa
13-06-2019,104,,2,8,,,,103,M,13,Mapusa
18-06-2019,88,,4,5,,,,88,S,13,Mapusa
20-06-2019,62,,4,6,,,,62,S,13,Mapusa
25-06-2019,83,,2,5,,,,83,S,13,Mapusa
03-07-2019,67,,5,7,,,,67,S,13,Mapusa
05-07-2019,99,,2,20,,,,99,S,13,Mapusa
17-07-2019,268,,2,15,,,,218,*,13,Mapusa
19-07-2019,86,,2,4,,,,86,*,13,Mapusa
31-07-2019,66,,2,23,,,,66,G,13,Mapusa
02-08-2019,46,,4,6,,,,46,G,13,Mapusa
21-08-2019,45,,4,5,,,,45,G,13,Mapusa
23-08-2019,38,,5,5,,,,38,G,13,Mapusa
28-08-2019,51,,2,22,,,,51,S,13,Mapusa
30-08-2019,27,,2,23,,,,29,G,13,Mapusa
06-09-2019,111,,2,17,,,,107,M,13,Mapusa
11-09-2019,68,,2,15,,,,68,S,13,Mapusa
13-09-2019,64,,2,13,,,,64,S,13,Mapusa
18-09-2019,24,,2,14,,,,24,G,13,Mapusa
20-09-2019,60,,2,12,,,,60,S,13,Mapusa
25-09-2019,100,,2,13,,,,100,M,13,Mapusa
27-09-2019,38,,2,12,,,,38,G,13,Mapusa
01-10-2019,14,,3,18,,,,23,G,13,Mapusa
04-10-2019,27,,2,14,,,,27,G,13,Mapusa
09-10-2019,28,,2,14,,,,28,G,13,Mapusa
11-10-2019,34,,2,13,,,,34,G,13,Mapusa
16-10-2019,62,,2,12,,,,62,S,13,Mapusa
23-10-2019,23,,2,15,,,,23,G,13,Mapusa
30-10-2019,21,,2,19,,,,24,G,13,Mapusa
01-11-2019,19,,4,17,,,,21,G,13,Mapusa
06-11-2019,47,,2,21,,,,47,G,13,Mapusa
08-11-2019,22,,2,17,,,,22,G,13,Mapusa
13-11-2019,151,,2,21,,,,134,M,13,Mapusa
15-11-2019,31,,2,9,,,,31,G,13,Mapusa
20-11-2019,46,,6,11,,,,46,G,13,Mapusa
22-11-2019,62,,2,11,,,,62,S,13,Mapusa
27-11-2019,27,,2,13,,,,27,G,13,Mapusa
29-11-2019,22,,2,18,,,,23,G,13,Mapusa
04-12-2019,68,65,2,31,,,,117,M,13,Mapusa
06-12-2019,81,79,2,8,,,,163,M,13,Mapusa
11-12-2019,40,25,4,10,,,,42,G,13,Mapusa
13-12-2019,50,11,7,12,,,,50,S,13,Mapusa
18-12-2019,75,16,5,6,,,,75,S,13,Mapusa
20-12-2019,63,26,5,13,,,,63,S,13,Mapusa
23-12-2019,48,33,4,6,,,,55,S,13,Mapusa
27-12-2019,48,21,4,13,,,,48,G,13,Mapusa
01-01-2020,85,37,2,10,,,,85,S,13,Mapusa
03-01-2020,54,46,2,8,,,,77,S,13,Mapusa
08-01-2020,35,7,3,19,,,,35,G,13,Mapusa
10-01-2020,75,,5,7,,,,75,S,13,Mapusa
15-01-2020,57,44,3,7,,,,73,S,13,Mapusa
17-01-2020,40,37,4,5,,,,62,S,13,Mapusa
22-01-2020,45,73,2,13,,,,143,M,13,Mapusa
24-01-2020,67,5,2,6,,,,67,S,13,Mapusa
29-01-2020,31,,2,5,,,,31,G,13,Mapusa
31-01-2020,30,,2,14,,,,30,G,13,Mapusa
05-02-2020,62,,2,5,,,,62,S,13,Mapusa
07-02-2020,57,,2,5,,,,57,S,13,Mapusa
12-02-2020,48,5,2,10,,,,48,G,13,Mapusa
14-02-2020,68,10,2,10,,,,68,G,13,Mapusa
19-02-2020,45,10,2,14,,,,45,G,13,Mapusa
21-02-2020,57,5,2,16,,,,57,S,13,Mapusa
26-02-2020,70,,3,11,,,,70,S,13,Mapusa
28-02-2020,44,,3,12,,,,44,G,13,Mapusa
03-03-2020,38,17,2,16,,,,38,G,13,Mapusa
05-03-2020,56,8,2,13,,,,56,S,13,Mapusa
09-03-2020,72,28,2,11,,,,72,S,13,Mapusa
12-03-2020,59,15,2,18,,,,59,S,13,Mapusa
17-03-2020,48,24,2,13,,,,48,G,13,Mapusa
19-03-2020,67,13,2,5,,,,67,S,13,Mapusa
03-04-2019,146,57,11,15,0.07,13,BDL,131,M,14,Cuncolim
06-04-2019,155,55,11,16,0.07,15,BDL,137,M,14,Cuncolim
10-04-2019,100,47,10,15,0.09,13,BDL,100,S,14,Cuncolim
13-04-2019,93,42,11,16,0.07,16,BDL,93,S,14,Cuncolim
17-04-2019,131,50,11,15,0.07,14,BDL,121,M,14,Cuncolim
20-04-2019,161,54,11,16,0.07,19,BDL,141,M,14,Cuncolim
24-04-2019,110,27,11,16,0.07,18,BDL,107,M,14,Cuncolim
26-04-2019,83,40,11,17,0.07,19,BDL,83,S,14,Cuncolim
01-05-2019,119,72,11,16,0.07,19,BDL,142,M,14,Cuncolim
04-05-2019,125,69,12,16,0.07,16,BDL,129,M,14,Cuncolim
08-05-2019,132,45,12,16,0.08,20,BDL,121,M,14,Cuncolim
10-05-2019,91,42,12,16,0.07,20,BDL,91,S,14,Cuncolim
15-05-2019,51,28,12,15,0.07,14,BDL,51,S,14,Cuncolim
19-05-2019,114,59,11,15,0.07,15,BDL,109,M,14,Cuncolim
22-05-2019,79,37,11,14,0.06,16,BDL,79,S,14,Cuncolim
25-05-2019,63,22,12,15,0.07,14,BDL,63,S,14,Cuncolim
29-05-2019,88,40,13,15,0.07,19,BDL,88,S,14,Cuncolim
01-06-2019,77,47,11,14,0.07,13,BDL,79,S,14,Cuncolim
05-06-2019,70,30,10,13,0.07,13,BDL,70,S,14,Cuncolim
08-06-2019,40,23,11,13,0.08,13,BDL,40,G,14,Cuncolim
12-06-2019,58,28,9,13,0.06,12,BDL,58,S,14,Cuncolim
15-06-2019,67,33,10,13,0.06,12,BDL,67,S,14,Cuncolim
19-06-2019,32,16,10,14,0.06,13,BDL,32,G,14,Cuncolim
22-06-2019,35,18,10,14,0.07,12,BDL,35,G,14,Cuncolim
26-06-2019,33,17,9,13,0.07,12,BDL,33,G,14,Cuncolim
29-06-2019,36,17,9,13,0.07,12,BDL,36,G,14,Cuncolim
03-07-2019,32,15,9,14,0.06,12,BDL,32,G,14,Cuncolim
06-07-2019,33,17,9,13,0.06,13,BDL,33,G,14,Cuncolim
10-07-2019,33,17,9,13,0.06,13,BDL,33,G,14,Cuncolim
12-07-2019,35,19,9,13,0.05,12,BDL,35,G,14,Cuncolim
17-07-2019,36,18,10,13,0.06,13,BDL,36,G,14,Cuncolim
20-07-2019,36,18,10,13,0.07,13,BDL,36,G,14,Cuncolim
24-07-2019,34,17,10,13,0.07,14,BDL,34,G,14,Cuncolim
27-07-2019,36,18,10,13,0.07,13,BDL,36,G,14,Cuncolim
31-07-2019,35,18,10,13,0.07,13,BDL,35,G,14,Cuncolim
03-08-2019,34,18,10,13,0.06,13,BDL,34,G,14,Cuncolim
07-08-2019,34,18,10,13,0.07,13,BDL,34,G,14,Cuncolim
10-08-2019,35,19,10,13,0.07,13,BDL,35,G,14,Cuncolim
14-08-2019,36,18,10,13,0.06,13,BDL,36,G,14,Cuncolim
16-08-2019,36,19,10,13,0.06,13,BDL,36,G,14,Cuncolim
21-08-2019,37,20,11,14,0.07,13,BDL,37,G,14,Cuncolim
24-08-2019,36,20,10,13,0.07,13,BDL,36,G,14,Cuncolim
28-08-2019,40,18,10,13,0.06,13,BDL,40,G,14,Cuncolim
31-08-2019,36,20,11,14,0.06,13,BDL,36,G,14,Cuncolim
05-09-2019,37,18,10,13,0.06,13,BDL,37,G,14,Cuncolim
07-09-2019,41,20,11,14,0.07,13,BDL,41,G,14,Cuncolim
11-09-2019,50,25,11,14,0.06,13,BDL,50,G,14,Cuncolim
14-09-2019,56,26,11,14,0.07,14,BDL,56,S,14,Cuncolim
18-09-2019,51,26,11,14,0.06,13,BDL,51,S,14,Cuncolim
21-09-2019,53,25,11,14,0.06,13,BDL,53,S,14,Cuncolim
25-09-2019,61,34,12,14,0.07,13,BDL,61,S,14,Cuncolim
28-09-2019,61,30,11,14,0.07,13,BDL,61,S,14,Cuncolim
02-10-2019,62,27,11,14,0.07,14,BDL,62,S,14,Cuncolim
05-10-2019,79,35,12,15,0.08,14,BDL,79,S,14,Cuncolim
09-10-2019,72,37,11,14,0.06,14,BDL,72,S,14,Cuncolim
12-10-2019,66,33,11,14,0.07,14,BDL,66,S,14,Cuncolim
16-10-2019,56,28,11,14,0.07,14,BDL,56,S,14,Cuncolim
19-10-2019,60,30,11,14,0.07,14,BDL,60,S,14,Cuncolim
23-10-2019,64,30,11,14,0.07,14,BDL,64,S,14,Cuncolim
25-10-2019,54,26,11,14,0.07,14,BDL,54,S,14,Cuncolim
30-10-2019,69,34,11,14,0.07,15,BDL,69,S,14,Cuncolim
02-11-2019,67,37,10,13,0.06,14,BDL,67,S,14,Cuncolim
06-11-2019,65,34,10,14,0.07,14,BDL,65,S,14,Cuncolim
08-11-2019,62,33,10,14,0.07,14,BDL,62,S,14,Cuncolim
13-11-2019,66,32,10,14,0.06,14,BDL,66,S,14,Cuncolim
16-11-2019,69,35,11,14,0.07,15,BDL,69,S,14,Cuncolim
20-11-2019,67,34,11,14,0.07,14,BDL,67,S,14,Cuncolim
23-11-2019,65,32,11,14,0.08,15,BDL,65,S,14,Cuncolim
28-11-2019,62,32,11,14,0.07,15,BDL,62,S,14,Cuncolim
30-11-2019,68,35,11,14,0.07,14,BDL,68,S,14,Cuncolim
04-12-2019,62,32,11,14,0.07,15,BDL,62,S,14,Cuncolim
07-12-2019,62,32,11,14,0.07,15,BDL,62,S,14,Cuncolim
11-12-2019,60,32,11,14,0.07,15,BDL,60,S,14,Cuncolim
14-12-2019,66,32,10,14,0.06,16,BDL,66,S,14,Cuncolim
18-12-2019,71,37,11,14,0.08,16,BDL,71,S,14,Cuncolim
21-12-2019,68,34,11,14,0.07,15,BDL,68,S,14,Cuncolim
25-12-2019,66,33,11,14,0.08,15,BDL,66,S,14,Cuncolim
28-12-2019,60,31,11,14,0.07,15,BDL,60,S,14,Cuncolim
02-01-2020,65,34,11,14,0.07,15,BDL,65,S,14,Cuncolim
04-01-2020,69,36,11,14,0.06,15,BDL,69,S,14,Cuncolim
08-01-2020,66,35,11,14,0.06,15,BDL,66,S,14,Cuncolim
11-01-2020,75,41,11,14,0.08,16,BDL,75,S,14,Cuncolim
15-01-2020,63,38,11,14,0.07,15,BDL,63,S,14,Cuncolim
17-01-2020,56,35,11,14,0.07,15,BDL,58,S,14,Cuncolim
22-01-2020,69,37,11,14,0.06,15,BDL,69,S,14,Cuncolim
25-01-2020,71,37,11,14,0.07,15,BDL,71,S,14,Cuncolim
29-01-2020,80,38,11,14,0.07,15,BDL,80,S,14,Cuncolim
01-02-2020,67,40,11,14,0.07,15,BDL,67,S,14,Cuncolim
05-02-2020,70,38,11,14,0.07,15,BDL,70,S,14,Cuncolim
08-02-2020,64,35,11,14,0.08,15,BDL,64,S,14,Cuncolim
12-02-2020,78,38,11,14,0.08,16,BDL,78,S,14,Cuncolim
15-02-2020,83,44,12,15,0.08,15,BDL,83,S,14,Cuncolim
19-02-2020,64,32,11,14,0.06,16,BDL,64,S,14,Cuncolim
21-02-2020,80,38,12,15,0.07,16,BDL,80,S,14,Cuncolim
26-02-2020,80,41,11,14,0.07,15,BDL,80,S,14,Cuncolim
28-02-2020,80,40,11,14,0.06,16,BDL,80,S,14,Cuncolim
04-03-2020,72,35,10,14,0.07,16,BDL,72,S,14,Cuncolim
06-03-2020,71,35,11,14,0.07,15,BDL,71,S,14,Cuncolim
11-03-2020,73,37,11,14,0.07,15,BDL,73,S,14,Cuncolim
13-03-2020,66,23,11,14,0.07,16,BDL,66,S,14,Cuncolim
17-03-2020,80,54,11,15,0.07,15,BDL,90,S,14,Cuncolim
20-03-2020,77,34,11,15,0.07,15,BDL,77,S,14,Cuncolim
01-04-2019,47,32,10,15,0.06,11,BDL,53,S,15,Tuem
04-04-2019,40,22,10,15,0.07,13,BDL,40,G,15,Tuem
08-04-2019,39,24,10,15,0.07,12,BDL,40,G,15,Tuem
12-04-2019,37,14,11,16,0.07,11,BDL,37,G,15,Tuem
15-04-2019,37,26,10,15,0.06,11,BDL,43,G,15,Tuem
18-04-2019,96,63,10,15,0.07,12,BDL,110,M,15,Tuem
22-04-2019,56,32,11,16,0.07,12,BDL,56,S,15,Tuem
25-04-2019,46,27,11,16,0.09,18,BDL,46,G,15,Tuem
29-04-2019,66,47,11,16,0.07,18,BDL,78,S,15,Tuem
03-05-2019,65,18,11,15,0.06,15,BDL,65,S,15,Tuem
06-05-2019,74,33,11,15,0.07,13,BDL,74,S,15,Tuem
09-05-2019,71,36,11,15,0.06,14,BDL,71,S,15,Tuem
13-05-2019,61,32,11,15,0.06,13,BDL,61,S,15,Tuem
16-05-2019,54,27,11,14,0.07,14,BDL,54,S,15,Tuem
20-05-2019,43,23,11,15,0.07,17,BDL,43,G,15,Tuem
23-05-2019,40,30,11,15,0.07,14,BDL,50,G,15,Tuem
27-05-2019,53,22,11,15,0.07,17,BDL,53,S,15,Tuem
30-05-2019,57,33,11,14,0.07,18,BDL,57,S,15,Tuem
04-06-2019,63,32,11,14,0.07,13,BDL,63,S,15,Tuem
07-06-2019,58,28,11,14,0.07,13,BDL,58,S,15,Tuem
11-06-2019,37,18,10,13,0.07,12,BDL,37,G,15,Tuem
13-06-2019,39,18,10,13,0.06,12,BDL,39,G,15,Tuem
17-06-2019,46,21,10,14,0.06,13,BDL,46,G,15,Tuem
20-06-2019,38,20,10,14,0.06,12,BDL,38,G,15,Tuem
24-06-2019,39,19,10,14,0.06,12,BDL,39,G,15,Tuem
27-06-2019,37,20,10,13,0.06,11,BDL,37,G,15,Tuem
02-07-2019,37,18,10,14,0.06,13,BDL,37,G,15,Tuem
05-07-2019,37,18,10,13,0.06,13,BDL,37,G,15,Tuem
09-07-2019,36,19,9,13,0.06,12,BDL,36,G,15,Tuem
12-07-2019,34,18,10,13,0.07,11,BDL,34,G,15,Tuem
16-07-2019,35,18,10,14,0.06,13,BDL,35,G,15,Tuem
19-07-2019,38,18,10,13,0.05,13,BDL,38,G,15,Tuem
23-07-2019,36,20,10,13,0.07,13,BDL,36,G,15,Tuem
26-07-2019,37,18,10,13,0.07,13,BDL,37,G,15,Tuem
30-07-2019,35,18,10,14,0.07,13,BDL,35,G,15,Tuem
01-08-2019,37,19,10,13,0.07,13,BDL,37,G,15,Tuem
06-08-2019,36,20,10,13,0.07,13,BDL,36,G,15,Tuem
08-08-2019,34,18,10,13,0.07,13,BDL,34,G,15,Tuem
12-08-2019,38,21,10,13,0.07,13,BDL,38,G,15,Tuem
17-08-2019,35,19,10,13,0.08,13,BDL,35,G,15,Tuem
20-08-2019,38,19,10,13,0.07,13,BDL,38,G,15,Tuem
22-08-2019,38,21,10,13,0.07,13,BDL,38,G,15,Tuem
26-08-2019,35,19,10,14,0.07,13,BDL,35,G,15,Tuem
29-08-2019,39,22,11,14,0.07,13,BDL,39,G,15,Tuem
04-09-2019,37,19,10,14,0.07,13,BDL,37,G,15,Tuem
07-09-2019,41,22,11,14,0.08,14,BDL,41,G,15,Tuem
09-09-2019,41,21,11,14,0.06,13,BDL,41,G,15,Tuem
12-09-2019,47,22,11,14,0.07,13,BDL,47,G,15,Tuem
16-09-2019,46,21,11,14,0.07,13,BDL,46,G,15,Tuem
19-09-2019,51,25,11,14,0.07,13,BDL,51,S,15,Tuem
23-09-2019,56,37,11,14,0.07,13,BDL,61,S,15,Tuem
26-09-2019,59,35,12,15,0.07,13,BDL,59,S,15,Tuem
30-09-2019,52,26,11,14,0.07,13,BDL,52,S,15,Tuem
03-10-2019,58,29,11,14,0.05,13,BDL,58,S,15,Tuem
07-10-2019,51,27,11,14,0.06,14,BDL,51,S,15,Tuem
10-10-2019,52,27,11,14,0.06,14,BDL,52,S,15,Tuem
15-10-2019,49,24,11,14,0.06,14,BDL,49,G,15,Tuem
17-10-2019,50,25,11,14,0.06,14,BDL,50,G,15,Tuem
22-10-2019,48,26,11,14,0.06,14,BDL,48,G,15,Tuem
24-10-2019,60,27,11,14,0.06,14,BDL,60,S,15,Tuem
28-10-2019,61,32,12,15,0.06,15,BDL,61,S,15,Tuem
31-10-2019,55,28,11,14,0.06,14,BDL,55,S,15,Tuem
05-11-2019,64,34,10,14,0.07,15,BDL,64,S,15,Tuem
07-11-2019,45,21,11,14,0.07,14,BDL,45,G,15,Tuem
11-11-2019,51,27,10,13,0.07,15,BDL,51,S,15,Tuem
14-11-2019,50,25,10,13,0.05,14,BDL,50,S,15,Tuem
18-11-2019,57,28,11,14,0.06,14,BDL,57,S,15,Tuem
21-11-2019,56,27,10,13,0.06,14,BDL,56,S,15,Tuem
25-11-2019,48,24,10,13,0.06,15,BDL,48,G,15,Tuem
28-11-2019,64,31,11,14,0.06,14,BDL,64,S,15,Tuem
02-12-2019,57,29,10,13,0.06,16,BDL,57,S,15,Tuem
05-12-2019,67,35,11,14,0.07,15,BDL,67,S,15,Tuem
09-12-2019,52,27,11,14,0.06,15,BDL,52,S,15,Tuem
12-12-2019,50,25,11,14,0.07,16,BDL,50,S,15,Tuem
16-12-2019,55,28,11,14,0.06,15,BDL,55,S,15,Tuem
20-12-2019,61,30,11,14,0.06,15,BDL,61,S,15,Tuem
23-12-2019,51,24,10,13,0.06,15,BDL,51,S,15,Tuem
26-12-2019,62,30,10,13,0.06,15,BDL,62,S,15,Tuem
31-12-2019,57,29,11,14,0.07,15,BDL,57,S,15,Tuem
03-01-2020,60,32,11,14,0.06,15,BDL,60,S,15,Tuem
06-01-2020,66,35,11,14,0.07,15,BDL,66,S,15,Tuem
09-01-2020,53,28,11,14,0.06,15,BDL,53,S,15,Tuem
13-01-2020,64,31,11,14,0.07,15,BDL,64,S,15,Tuem
17-01-2020,64,32,11,14,0.07,15,BDL,64,S,15,Tuem
21-01-2020,66,32,11,14,0.07,15,BDL,66,S,15,Tuem
23-01-2020,61,32,11,14,0.06,15,BDL,61,S,15,Tuem
27-01-2020,60,31,10,13,0.06,15,BDL,60,S,15,Tuem
30-01-2020,57,30,11,14,0.07,15,BDL,57,S,15,Tuem
03-02-2020,68,31,11,14,0.06,15,BDL,68,S,15,Tuem
06-02-2020,62,32,11,14,0.06,15,BDL,62,S,15,Tuem
10-02-2020,55,29,11,14,0.07,15,BDL,55,S,15,Tuem
14-02-2020,70,35,10,14,0.06,15,BDL,70,S,15,Tuem
17-02-2020,68,35,11,14,0.08,15,BDL,68,S,15,Tuem
20-02-2020,72,31,11,14,0.05,16,BDL,72,S,15,Tuem
24-02-2020,60,26,11,14,0.07,15,BDL,60,S,15,Tuem
27-02-2020,74,35,11,14,0.06,15,BDL,74,S,15,Tuem
02-03-2020,67,40,10,15,0.06,14,BDL,67,S,15,Tuem
05-03-2020,66,34,10,15,0.07,15,BDL,66,S,15,Tuem
09-03-2020,67,26,10,14,0.06,15,BDL,67,S,15,Tuem
12-03-2020,55,22,11,14,0.07,11,BDL,55,S,15,Tuem
17-03-2020,64,26,11,14,0.07,14,BDL,64,S,15,Tuem
19-03-2020,68,37,10,13,0.07,16,BDL,68,S,15,Tuem
03-04-2019,247,37,4,9,,,,198,M,16,Panji
05-04-2019,179,37,6,9,,,,153,M,16,Panji
10-04-2019,120,59,2,13,,,,113,M,16,Panji
12-04-2019,50,47,3,7,,,,78,S,16,Panji
15-04-2019,70,42,2,17,,,,70,S,16,Panji
17-04-2019,79,20,2,19,,,,79,S,16,Panji
24-04-2019,115,61,2,9,,,,110,M,16,Panji
26-04-2019,61,46,2,12,,,,77,S,16,Panji
29-04-2019,47,36,2,6,,,,60,S,16,Panji
03-05-2019,100,59,4,7,,,,100,M,16,Panji
08-05-2019,148,79,2,7,,,,163,M,16,Panji
10-05-2019,163,4,2,12,,,,142,M,16,Panji
15-05-2019,50,36,2,15,,,,60,S,16,Panji
17-05-2019,35,29,4,6,,,,48,G,16,Panji
22-05-2019,70,40,3,7,,,,70,S,16,Panji
24-05-2019,518,61,6,31,,,,510,SEV,16,Panji
29-05-2019,149,36,7,11,,,,133,M,16,Panji
31-05-2019,137,18,2,6,,,,125,M,16,Panji
03-06-2019,56,38,4,7,,,,63,S,16,Panji
07-06-2019,49,24,2,7,,,,49,G,16,Panji
14-06-2019,75,,2,15,,,,75,S,16,Panji
19-06-2019,86,,4,6,,,,86,S,16,Panji
21-06-2019,43,,3,7,,,,43,G,16,Panji
03-07-2019,77,,4,9,,,,77,S,16,Panji
05-07-2019,71,,6,10,,,,71,S,16,Panji
10-07-2019,49,,7,21,,,,49,G,16,Panji
17-07-2019,60,,4,17,,,,60,S,16,Panji
19-07-2019,82,,2,11,,,,82,S,16,Panji
24-07-2019,59,,3,12,,,,59,S,16,Panji
31-07-2019,29,,3,11,,,,29,G,16,Panji
02-08-2019,35,,4,5,,,,35,G,16,Panji
14-08-2019,34,,4,19,,,,34,G,16,Panji
21-08-2019,46,,4,5,,,,46,G,16,Panji
23-08-2019,33,,4,5,,,,33,G,16,Panji
28-08-2019,45,,2,5,,,,45,G,16,Panji
30-08-2019,62,,4,5,,,,62,S,16,Panji
06-09-2019,61,,2,19,,,,61,S,16,Panji
11-09-2019,180,,2,17,,,,153,M,16,Panji
13-09-2019,97,,2,12,,,,97,S,16,Panji
18-09-2019,71,,2,11,,,,71,S,16,Panji
20-09-2019,71,,2,13,,,,71,S,16,Panji
25-09-2019,56,,2,13,,,,56,S,16,Panji
27-09-2019,152,,2,11,,,,135,M,16,Panji
04-10-2019,52,,21,16,,,,52,S,16,Panji
07-10-2019,37,,6,13,,,,37,G,16,Panji
10-10-2019,19,,13,11,,,,19,G,16,Panji
16-10-2019,35,,16,18,,,,35,G,16,Panji
18-10-2019,72,89,18,13,,,,197,M,16,Panji
23-10-2019,65,52,2,14,,,,87,S,16,Panji
30-10-2019,14,13,2,13,,,,22,G,16,Panji
06-11-2019,30,48,2,16,,,,80,S,16,Panji
08-11-2019,27,26,2,13,,,,43,G,16,Panji
13-11-2019,81,40,2,11,,,,81,S,16,Panji
15-11-2019,53,23,2,18,,,,53,S,16,Panji
20-11-2019,37,19,2,13,,,,37,G,16,Panji
22-11-2019,53,52,2,5,,,,87,S,16,Panji
27-11-2019,80,89,2,8,,,,197,M,16,Panji
29-11-2019,37,90,2,10,,,,200,P,16,Panji
04-12-2019,67,62,2,13,,,,107,M,16,Panji
06-12-2019,73,124,2,6,,,,303,VP,16,Panji
11-12-2019,48,45,4,7,,,,75,G,16,Panji
13-12-2019,48,77,4,6,,,,157,M,16,Panji
17-12-2019,51,166,6,21,,,,335,VP,16,Panji
20-12-2019,85,43,4,11,,,,85,S,16,Panji
23-12-2019,54,47,6,10,,,,78,S,16,Panji
27-12-2019,80,38,5,10,,,,80,S,16,Panji
01-01-2020,63,5,2,10,,,,63,S,16,Panji
03-01-2020,52,5,3,21,,,,52,S,16,Panji
08-01-2020,51,6,4,23,,,,51,S,16,Panji
10-01-2020,69,45,4,19,,,,75,S,16,Panji
15-01-2020,66,78,3,20,,,,160,M,16,Panji
17-01-2020,48,9,3,7,,,,48,G,16,Panji
22-01-2020,47,36,2,5,,,,60,S,16,Panji
24-01-2020,45,89,2,18,,,,197,M,16,Panji
29-01-2020,43,168,2,14,,,,337,VP,16,Panji
31-01-2020,47,32,2,15,,,,53,S,16,Panji
05-02-2020,151,36,2,11,,,,134,M,16,Panji
07-02-2020,160,9,2,11,,,,140,M,16,Panji
12-02-2020,85,6,2,5,,,,85,S,16,Panji
14-02-2020,74,44,2,10,,,,74,S,16,Panji
19-02-2020,71,54,2,19,,,,90,S,16,Panji
21-02-2020,75,42,2,19,,,,75,S,16,Panji
26-02-2020,114,25,2,11,,,,109,M,16,Panji
28-02-2020,62,59,2,13,,,,98,S,16,Panji
04-03-2020,40,11,2,15,,,,40,G,16,Panji
06-03-2020,40,20,2,14,,,,40,G,16,Panji
11-03-2020,44,20,2,16,,,,44,G,16,Panji
13-03-2020,36,18,2,16,,,,36,G,16,Panji
18-03-2020,43,9,2,14,,,,43,G,16,Panji
20-03-2020,28,20,2,5,,,,33,G,16,Panji
05-09-2019,42,,2,21,,,,42,G,17,Baina
10-09-2019,87,,2,18,,,,87,S,17,Baina
12-09-2019,72,,2,18,,,,72,S,17,Baina
17-09-2019,73,,3,18,,,,73,S,17,Baina
24-09-2019,112,,2,18,,,,108,M,17,Baina
26-09-2019,51,,2,19,,,,51,S,17,Baina
01-10-2019,57,,3,18,,,,57,S,17,Baina
03-10-2019,134,,3,18,,,,123,M,17,Baina
09-10-2019,90,,4,20,,,,90,S,17,Baina
11-10-2019,33,,2,20,,,,33,G,17,Baina
15-10-2019,20,,3,21,,,,27,G,17,Baina
17-10-2019,43,,3,20,,,,43,G,17,Baina
22-10-2019,14,,2,17,,,,21,G,17,Baina
29-10-2019,80,,2,17,,,,80,S,17,Baina
31-10-2019,19,,2,19,,,,24,G,17,Baina
05-11-2019,23,,2,21,,,,26,G,17,Baina
07-11-2019,23,,2,16,,,,23,G,17,Baina
12-11-2019,64,,2,14,,,,64,S,17,Baina
14-11-2019,79,,2,16,,,,79,S,17,Baina
16-11-2019,38,,2,18,,,,38,G,17,Baina
19-11-2019,48,,2,10,,,,48,G,17,Baina
21-11-2019,79,,2,11,,,,79,S,17,Baina
23-11-2019,75,,2,12,,,,75,S,17,Baina
21-12-2019,58,,2,11,,,,58,S,17,Baina
24-12-2019,66,,4,12,,,,66,S,17,Baina
26-12-2019,58,,7,11,,,,58,S,17,Baina
31-12-2019,87,,2,12,,,,87,S,17,Baina
02-01-2020,60,,2,19,,,,60,S,17,Baina
07-01-2020,45,,2,5,,,,45,G,17,Baina
09-01-2020,72,53,2,5,,,,88,S,17,Baina
14-01-2020,56,33,2,5,,,,56,S,17,Baina
16-01-2020,55,50,2,5,,,,83,S,17,Baina
21-01-2020,68,21,4,6,,,,68,S,17,Baina
23-01-2020,46,35,3,5,,,,58,S,17,Baina
28-01-2020,41,23,2,5,,,,41,G,17,Baina
30-01-2020,52,44,2,5,,,,73,S,17,Baina
05-02-2020,67,70,2,19,,,,133,M,17,Baina
07-02-2020,59,66,2,5,,,,120,M,17,Baina
12-02-2020,51,55,2,14,,,,92,S,17,Baina
14-02-2020,84,72,2,11,,,,140,M,17,Baina
19-02-2020,65,6,2,19,,,,65,S,17,Baina
21-02-2020,60,52,2,22,,,,87,S,17,Baina
26-02-2020,79,65,2,14,,,,117,M,17,Baina
28-02-2020,71,39,2,14,,,,71,S,17,Baina
04-03-2020,85,45,2,5,,,,85,S,17,Baina
06-03-2020,31,28,2,5,,,,47,G,17,Baina
10-03-2020,113,67,2,5,,,,123,M,17,Baina
12-03-2020,96,38,2,5,,,,96,S,17,Baina
18-03-2020,56,53,2,5,,,,88,S,17,Baina
20-03-2020,82,,2,5,,,,82,S,17,Baina
02-04-2019,114,86,2,5,,,,187,M,18,Vasco
04-04-2019,159,43,5,5,,,,139,M,18,Vasco
09-04-2019,165,39,5,5,,,,143,M,18,Vasco
11-04-2019,155,5,4,10,,,,137,M,18,Vasco
16-04-2019,40,34,2,16,,,,57,S,18,Vasco
18-04-2019,79,47,2,23,,,,79,S,18,Vasco
22-04-2019,377,60,2,5,,,,334,VP,18,Vasco
25-04-2019,88,43,2,18,,,,88,S,18,Vasco
30-04-2019,80,25,2,18,,,,80,S,18,Vasco
02-05-2019,53,40,2,5,,,,67,S,18,Vasco
07-05-2019,131,30,2,5,,,,121,M,18,Vasco
09-05-2019,113,9,2,9,,,,109,M,18,Vasco
14-05-2019,,19,,,,,,,,18,Vasco
16-05-2019,,43,,,,,,,,18,Vasco
21-05-2019,38,29,5,14,,,,48,G,18,Vasco
23-05-2019,25,14,2,11,,,,25,G,18,Vasco
28-05-2019,47,43,5,19,,,,72,S,18,Vasco
30-05-2019,54,27,9,5,,,,54,S,18,Vasco
04-06-2019,26,18,2,5,,,,30,G,18,Vasco
06-06-2019,37,,5,5,,,,37,G,18,Vasco
11-06-2019,43,,2,14,,,,43,G,18,Vasco
18-06-2019,83,,2,5,,,,83,S,18,Vasco
25-06-2019,59,,2,14,,,,59,S,18,Vasco
02-07-2019,29,,2,7,,,,29,G,18,Vasco
04-07-2019,67,,2,17,,,,67,S,18,Vasco
09-07-2019,92,,2,14,,,,92,S,18,Vasco
16-07-2019,82,,2,10,,,,82,S,18,Vasco
18-07-2019,69,,5,14,,,,69,S,18,Vasco
25-07-2019,56,,2,12,,,,56,S,18,Vasco
30-07-2019,29,,4,10,,,,29,G,18,Vasco
01-08-2019,29,,2,5,,,,29,G,18,Vasco
13-08-2019,38,,2,12,,,,38,G,18,Vasco
16-08-2019,41,,2,12,,,,41,G,18,Vasco
20-08-2019,114,,2,13,,,,109,M,18,Vasco
22-08-2019,139,,4,5,,,,126,M,18,Vasco
27-08-2019,88,,2,5,,,,88,S,18,Vasco
29-08-2019,48,,2,5,,,,48,G,18,Vasco
05-09-2019,113,,4,22,,,,109,M,18,Vasco
10-09-2019,114,,3,21,,,,109,M,18,Vasco
12-09-2019,65,,3,21,,,,65,S,18,Vasco
17-09-2019,80,,2,13,,,,80,S,18,Vasco
24-09-2019,46,,2,13,,,,46,G,18,Vasco
26-09-2019,102,,4,14,,,,101,M,18,Vasco
01-10-2019,59,,3,21,,,,59,S,18,Vasco
03-10-2019,103,,2,13,,,,102,M,18,Vasco
09-10-2019,26,,2,12,,,,26,G,18,Vasco
11-10-2019,73,,2,12,,,,73,S,18,Vasco
15-10-2019,45,,2,18,,,,45,G,18,Vasco
17-10-2019,22,,2,19,,,,24,G,18,Vasco
22-10-2019,16,,2,19,,,,24,G,18,Vasco
29-10-2019,90,,2,18,,,,90,S,18,Vasco
31-10-2019,27,,2,18,,,,27,G,18,Vasco
05-11-2019,22,,2,21,,,,26,G,18,Vasco
07-11-2019,20,,2,5,,,,20,G,18,Vasco
12-11-2019,104,,2,13,,,,103,M,18,Vasco
14-11-2019,58,71,2,16,,,,137,M,18,Vasco
16-11-2019,34,16,2,18,,,,34,G,18,Vasco
19-11-2019,51,47,2,9,,,,78,S,18,Vasco
21-11-2019,83,67,2,11,,,,123,M,18,Vasco
23-11-2019,51,34,2,12,,,,57,S,18,Vasco
26-11-2019,71,76,2,12,,,,153,M,18,Vasco
28-11-2019,58,43,2,12,,,,72,S,18,Vasco
30-11-2019,57,74,2,12,,,,147,M,18,Vasco
02-12-2019,70,21,5,12,,,,70,S,18,Vasco
05-12-2019,54,31,8,5,,,,54,S,18,Vasco
10-12-2019,39,37,5,5,,,,62,S,18,Vasco
12-12-2019,68,57,2,5,,,,95,S,18,Vasco
16-12-2019,51,17,5,5,,,,51,S,18,Vasco
18-12-2019,51,13,5,5,,,,51,S,18,Vasco
24-12-2019,65,21,5,5,,,,65,S,18,Vasco
26-12-2019,63,37,11,12,,,,63,S,18,Vasco
31-12-2019,90,27,4,5,,,,90,S,18,Vasco
02-01-2020,86,65,2,17,,,,117,M,18,Vasco
07-01-2020,93,52,2,5,,,,93,S,18,Vasco
09-01-2020,70,23,2,7,,,,70,S,18,Vasco
14-01-2020,139,12,2,5,,,,126,M,18,Vasco
16-01-2020,149,40,2,6,,,,133,M,18,Vasco
21-01-2020,63,14,5,6,,,,63,S,18,Vasco
23-01-2020,73,40,4,6,,,,73,S,18,Vasco
28-01-2020,65,54,2,18,,,,90,S,18,Vasco
30-01-2020,67,36,2,5,,,,67,S,18,Vasco
05-02-2020,249,,2,9,,,,199,M,18,Vasco
07-02-2020,126,,2,9,,,,117,M,18,Vasco
13-02-2020,116,,2,18,,,,111,M,18,Vasco
15-02-2020,84,41,2,5,,,,84,S,18,Vasco
18-02-2020,96,86,10,26,,,,187,M,18,Vasco
21-02-2020,98,59,5,5,,,,98,S,18,Vasco
25-02-2020,109,35,2,19,,,,106,M,18,Vasco
27-02-2020,126,35,2,5,,,,117,M,18,Vasco
04-03-2020,99,33,2,5,,,,99,S,18,Vasco
06-03-2020,57,15,2,5,,,,57,S,18,Vasco
10-03-2020,77,8,2,5,,,,77,S,18,Vasco
12-03-2020,141,9,2,5,,,,127,G,18,Vasco
18-03-2020,62,20,2,5,,,,62,S,18,Vasco
20-03-2020,69,6,2,5,,,,69,S,18,Vasco
02-04-2019,159,76,2,5,,,,153,M,19,Marmugoa(MPT)
04-04-2019,107,10,4,5,,,,105,M,19,Marmugoa(MPT)
09-04-2019,253,35,2,10,,,,203,P,19,Marmugoa(MPT)
11-04-2019,206,34,2,15,,,,171,M,19,Marmugoa(MPT)
16-04-2019,40,19,2,21,,,,40,G,19,Marmugoa(MPT)
18-04-2019,100,36,2,24,,,,100,M,19,Marmugoa(MPT)
22-04-2019,344,38,2,12,,,,294,P,19,Marmugoa(MPT)
25-04-2019,162,31,2,9,,,,141,M,19,Marmugoa(MPT)
30-04-2019,123,101,2,17,,,,237,P,19,Marmugoa(MPT)
02-05-2019,68,61,4,11,,,,103,M,19,Marmugoa(MPT)
07-05-2019,120,28,2,9,,,,113,M,19,Marmugoa(MPT)
09-05-2019,84,4,2,16,,,,84,S,19,Marmugoa(MPT)
14-05-2019,60,24,2,15,,,,60,S,19,Marmugoa(MPT)
16-05-2019,77,34,6,9,,,,77,S,19,Marmugoa(MPT)
21-05-2019,37,19,4,5,,,,37,G,19,Marmugoa(MPT)
23-05-2019,43,38,4,13,,,,63,S,19,Marmugoa(MPT)
28-05-2019,89,50,5,13,,,,89,S,19,Marmugoa(MPT)
30-05-2019,50,48,7,16,,,,80,S,19,Marmugoa(MPT)
04-06-2019,42,16,2,5,,,,42,G,19,Marmugoa(MPT)
06-06-2019,74,74,6,5,,,,147,M,19,Marmugoa(MPT)
11-06-2019,118,,2,9,,,,112,M,19,Marmugoa(MPT)
18-06-2019,44,,5,10,,,,44,G,19,Marmugoa(MPT)
25-06-2019,91,,4,12,,,,91,S,19,Marmugoa(MPT)
02-07-2019,38,,5,13,,,,38,G,19,Marmugoa(MPT)
04-07-2019,56,,2,21,,,,56,S,19,Marmugoa(MPT)
09-07-2019,76,,5,19,,,,76,S,19,Marmugoa(MPT)
16-07-2019,90,,4,5,,,,90,S,19,Marmugoa(MPT)
18-07-2019,65,,2,5,,,,65,S,19,Marmugoa(MPT)
25-07-2019,33,,2,12,,,,33,G,19,Marmugoa(MPT)
30-07-2019,24,,4,6,,,,24,G,19,Marmugoa(MPT)
01-08-2019,47,,2,5,,,,47,G,19,Marmugoa(MPT)
13-08-2019,39,,2,13,,,,39,G,19,Marmugoa(MPT)
16-08-2019,69,,2,12,,,,69,S,19,Marmugoa(MPT)
20-08-2019,137,,4,13,,,,125,M,19,Marmugoa(MPT)
22-08-2019,127,,2,5,,,,118,M,19,Marmugoa(MPT)
27-08-2019,131,,4,5,,,,121,M,19,Marmugoa(MPT)
29-08-2019,57,,2,5,,,,57,S,19,Marmugoa(MPT)
